Workbook

Sheet Line Follower
B2: Error Constants | I2: =I6*(COLUMN(A1)-1)*$C$3 -> 0 | J2: =J6*(COLUMN(B1)-1)*$C$3 -> 0 | K2: =K6*(COLUMN(C1)-1)*$C$3 -> 0 | L2: =L6*(COLUMN(D1)-1)*$C$3 -> 6 | M2: Errors | N2: =N6*(COLUMN(E1)-1)*$C$3 -> 8 | O2: =O6*(COLUMN(F1)-1)*$C$3 -> 0 | P2: =P6*(COLUMN(G1)-1)*$C$3 -> 0 | Q2: =Q6*(COLUMN(H1)-1)*$C$3 -> 0
B3: Error weight | C3: 2
B4: Total central sensors | C4: 8
B5: Avg error | C5: =C3*(C4-1)/2 -> 7
B6: Max error | C6: =(C4-1)*C3-C5 -> 7 | G6: 1 | I6: 0 | J6: 0 | K6: 0 | L6: 1 | M6: 1 | N6: 1 | O6: 0 | P6: 0 | Q6: 0 | S6: 0
B7: Min error | C7: =-C6 -> -7 | G7: IR1 | I7: IR2 | J7: IR3 | K7: IR4 | L7: IR5 | M7: IR6 | N7: IR8 | O7: IR9 | P7: IR10 | Q7: IR11 | S7: IR12
B9: Error Values
B10: Total Error | C10: =SUM(I2:L2,N2:Q2) -> 14
B11: Central Sensors | C11: =SUM(I6:L6,N6:Q6) -> 2
B12: Error | C12: =IF(AND(C11=0,M6=1),0,INT(C10/C11-C5)) -> 0
B13: Last Error | C13: -7
B15: Observer
B16: line | C16: {=TRANSPOSE(_xlfn.XLOOKUP(_xlfn.TEXTJOIN(,,G6,I6:Q6,S6,M17),Aux!B3:B4098,'Truth Table'!O3:S4098))=1} -> TRUE
B17: straight | C17: TRUE | M17: 1
B18: crossing | C18: FALSE | M18: IR7
B19: curve | C19: TRUE
B20: marker | C20: FALSE
B21: lost left | C21: =AND(_xlfn.XLOOKUP(_xlfn.TEXTJOIN(,,G6,I6:Q6,S6,M17),Aux!B3:B4098,'Truth Table'!T3:T4098)=1,C13<=C7) -> FALSE
B22: lost right | C22: =AND(_xlfn.XLOOKUP(_xlfn.TEXTJOIN(,,G6,I6:Q6,S6,M17),Aux!B3:B4098,'Truth Table'!U3:U4098)=1,C13>=C6) -> FALSE
B23: pitch | C23: =AND(_xlfn.XLOOKUP(_xlfn.TEXTJOIN(,,G6,I6:Q6,S6,M17),Aux!B3:B4098,'Truth Table'!V3:V4098)=1,ABS(C13)<C6) -> FALSE

Sheet Truth Table
B2: Left | C2: IR2 | D2: IR3 | E2: IR4 | F2: IR5 | G2: Center | H2: IR8 | I2: IR9 | J2: IR10 | K2: IR11 | L2: Right | M2: Middle | N2: Error | O2: line | P2: straight | Q2: crossing | R2: curve | S2: marker | T2: left | U2: right | V2: pitch
B3: 0 | C3: 0 | D3: 0 | E3: 0 | F3: 0 | G3: 0 | H3: 0 | I3: 0 | J3: 0 | K3: 0 | L3: 0 | M3: 0 | N3: {=IF(OR(ISNUMBER(FIND(Aux!$D$3:$D$9,_xlfn.TEXTJOIN(,,C3:K3)))),NA(),IF(AND(SUM(C3:F3,H3:K3)=0,G3=1),0,INT((SUMPRODUCT(C3:F3,COLUMN($A$1:$D$1)-1)+SUMPRODUCT(H3:K3,COLUMN($E$1:$H$1)-1))*'Line Follower'!$C$3/SUM(C3:F3,H3:K3)-'Line Follower'!$C$5)))} -> #DIV/0! | O3: {=IF(ABS(N3:N4098)<='Line Follower'!$C$6,1,0)} -> #DIV/0! | P3: =IF(AND(N3=0,G3=1,M3=1),1,0) -> #DIV/0! | Q3: =IF(ISERROR(N3),N3,IF(SUM(C3:K3)>=4,1,0)) -> #DIV/0! | R3: =IF(AND(B3=1,N3>'Line Follower'!$C$7,SUM(C3:K3)<4),1,0) -> #DIV/0! | S3: =IF(AND(L3=1,N3<'Line Follower'!$C$6,SUM(C3:K3)<4),1,0) -> #DIV/0! | T3: =IF(ISNA(N3),NA(),IF(SUM(C3:L3)=0,1,0)) -> 1 | U3: =IF(ISNA(N3),NA(),IF(SUM(B3:K3)=0,1,0)) -> 1 | V3: =IF(ISNA(N3),NA(),IF(SUM(B3:L3)=0,1,0)) -> 1
B4: 1 | C4: 0 | D4: 0 | E4: 0 | F4: 0 | G4: 0 | H4: 0 | I4: 0 | J4: 0 | K4: 0 | L4: 0 | M4: 0 | N4: {=IF(OR(ISNUMBER(FIND(Aux!$D$3:$D$9,_xlfn.TEXTJOIN(,,C4:K4)))),NA(),IF(AND(SUM(C4:F4,H4:K4)=0,G4=1),0,INT((SUMPRODUCT(C4:F4,COLUMN($A$1:$D$1)-1)+SUMPRODUCT(H4:K4,COLUMN($E$1:$H$1)-1))*'Line Follower'!$C$3/SUM(C4:F4,H4:K4)-'Line Follower'!$C$5)))} -> #DIV/0! | O4: #DIV/0! | P4: =IF(AND(N4=0,G4=1,M4=1),1,0) -> #DIV/0! | Q4: =IF(ISERROR(N4),N4,IF(SUM(C4:K4)>=4,1,0)) -> #DIV/0! | R4: =IF(AND(B4=1,N4>'Line Follower'!$C$7,SUM(C4:K4)<4),1,0) -> #DIV/0! | S4: =IF(AND(L4=1,N4<'Line Follower'!$C$6,SUM(C4:K4)<4),1,0) -> #DIV/0! | T4: =IF(ISNA(N4),NA(),IF(SUM(C4:L4)=0,1,0)) -> 1 | U4: =IF(ISNA(N4),NA(),IF(SUM(B4:K4)=0,1,0)) -> 0 | V4: =IF(ISNA(N4),NA(),IF(SUM(B4:L4)=0,1,0)) -> 0
B5: 0 | C5: 1 | D5: 0 | E5: 0 | F5: 0 | G5: 0 | H5: 0 | I5: 0 | J5: 0 | K5: 0 | L5: 0 | M5: 0 | N5: {=IF(OR(ISNUMBER(FIND(Aux!$D$3:$D$9,_xlfn.TEXTJOIN(,,C5:K5)))),NA(),IF(AND(SUM(C5:F5,H5:K5)=0,G5=1),0,INT((SUMPRODUCT(C5:F5,COLUMN($A$1:$D$1)-1)+SUMPRODUCT(H5:K5,COLUMN($E$1:$H$1)-1))*'Line Follower'!$C$3/SUM(C5:F5,H5:K5)-'Line Follower'!$C$5)))} -> -7 | O5: 1 | P5: =IF(AND(N5=0,G5=1,M5=1),1,0) -> 0 | Q5: =IF(ISERROR(N5),N5,IF(SUM(C5:K5)>=4,1,0)) -> 0 | R5: =IF(AND(B5=1,N5>'Line Follower'!$C$7,SUM(C5:K5)<4),1,0) -> 0 | S5: =IF(AND(L5=1,N5<'Line Follower'!$C$6,SUM(C5:K5)<4),1,0) -> 0 | T5: =IF(ISNA(N5),NA(),IF(SUM(C5:L5)=0,1,0)) -> 0 | U5: =IF(ISNA(N5),NA(),IF(SUM(B5:K5)=0,1,0)) -> 0 | V5: =IF(ISNA(N5),NA(),IF(SUM(B5:L5)=0,1,0)) -> 0
B6: 1 | C6: 1 | D6: 0 | E6: 0 | F6: 0 | G6: 0 | H6: 0 | I6: 0 | J6: 0 | K6: 0 | L6: 0 | M6: 0 | N6: {=IF(OR(ISNUMBER(FIND(Aux!$D$3:$D$9,_xlfn.TEXTJOIN(,,C6:K6)))),NA(),IF(AND(SUM(C6:F6,H6:K6)=0,G6=1),0,INT((SUMPRODUCT(C6:F6,COLUMN($A$1:$D$1)-1)+SUMPRODUCT(H6:K6,COLUMN($E$1:$H$1)-1))*'Line Follower'!$C$3/SUM(C6:F6,H6:K6)-'Line Follower'!$C$5)))} -> -7 | O6: 1 | P6: =IF(AND(N6=0,G6=1,M6=1),1,0) -> 0 | Q6: =IF(ISERROR(N6),N6,IF(SUM(C6:K6)>=4,1,0)) -> 0 | R6: =IF(AND(B6=1,N6>'Line Follower'!$C$7,SUM(C6:K6)<4),1,0) -> 0 | S6: =IF(AND(L6=1,N6<'Line Follower'!$C$6,SUM(C6:K6)<4),1,0) -> 0 | T6: =IF(ISNA(N6),NA(),IF(SUM(C6:L6)=0,1,0)) -> 0 | U6: =IF(ISNA(N6),NA(),IF(SUM(B6:K6)=0,1,0)) -> 0 | V6: =IF(ISNA(N6),NA(),IF(SUM(B6:L6)=0,1,0)) -> 0
B7: 0 | C7: 0 | D7: 1 | E7: 0 | F7: 0 | G7: 0 | H7: 0 | I7: 0 | J7: 0 | K7: 0 | L7: 0 | M7: 0 | N7: {=IF(OR(ISNUMBER(FIND(Aux!$D$3:$D$9,_xlfn.TEXTJOIN(,,C7:K7)))),NA(),IF(AND(SUM(C7:F7,H7:K7)=0,G7=1),0,INT((SUMPRODUCT(C7:F7,COLUMN($A$1:$D$1)-1)+SUMPRODUCT(H7:K7,COLUMN($E$1:$H$1)-1))*'Line Follower'!$C$3/SUM(C7:F7,H7:K7)-'Line Follower'!$C$5)))} -> -5 | O7: 1 | P7: =IF(AND(N7=0,G7=1,M7=1),1,0) -> 0 | Q7: =IF(ISERROR(N7),N7,IF(SUM(C7:K7)>=4,1,0)) -> 0 | R7: =IF(AND(B7=1,N7>'Line Follower'!$C$7,SUM(C7:K7)<4),1,0) -> 0 | S7: =IF(AND(L7=1,N7<'Line Follower'!$C$6,SUM(C7:K7)<4),1,0) -> 0 | T7: =IF(ISNA(N7),NA(),IF(SUM(C7:L7)=0,1,0)) -> 0 | U7: =IF(ISNA(N7),NA(),IF(SUM(B7:K7)=0,1,0)) -> 0 | V7: =IF(ISNA(N7),NA(),IF(SUM(B7:L7)=0,1,0)) -> 0
B8: 1 | C8: 0 | D8: 1 | E8: 0 | F8: 0 | G8: 0 | H8: 0 | I8: 0 | J8: 0 | K8: 0 | L8: 0 | M8: 0 | N8: {=IF(OR(ISNUMBER(FIND(Aux!$D$3:$D$9,_xlfn.TEXTJOIN(,,C8:K8)))),NA(),IF(AND(SUM(C8:F8,H8:K8)=0,G8=1),0,INT((SUMPRODUCT(C8:F8,COLUMN($A$1:$D$1)-1)+SUMPRODUCT(H8:K8,COLUMN($E$1:$H$1)-1))*'Line Follower'!$C$3/SUM(C8:F8,H8:K8)-'Line Follower'!$C$5)))} -> -5 | O8: 1 | P8: =IF(AND(N8=0,G8=1,M8=1),1,0) -> 0 | Q8: =IF(ISERROR(N8),N8,IF(SUM(C8:K8)>=4,1,0)) -> 0 | R8: =IF(AND(B8=1,N8>'Line Follower'!$C$7,SUM(C8:K8)<4),1,0) -> 1 | S8: =IF(AND(L8=1,N8<'Line Follower'!$C$6,SUM(C8:K8)<4),1,0) -> 0 | T8: =IF(ISNA(N8),NA(),IF(SUM(C8:L8)=0,1,0)) -> 0 | U8: =IF(ISNA(N8),NA(),IF(SUM(B8:K8)=0,1,0)) -> 0 | V8: =IF(ISNA(N8),NA(),IF(SUM(B8:L8)=0,1,0)) -> 0
B9: 0 | C9: 1 | D9: 1 | E9: 0 | F9: 0 | G9: 0 | H9: 0 | I9: 0 | J9: 0 | K9: 0 | L9: 0 | M9: 0 | N9: {=IF(OR(ISNUMBER(FIND(Aux!$D$3:$D$9,_xlfn.TEXTJOIN(,,C9:K9)))),NA(),IF(AND(SUM(C9:F9,H9:K9)=0,G9=1),0,INT((SUMPRODUCT(C9:F9,COLUMN($A$1:$D$1)-1)+SUMPRODUCT(H9:K9,COLUMN($E$1:$H$1)-1))*'Line Follower'!$C$3/SUM(C9:F9,H9:K9)-'Line Follower'!$C$5)))} -> -6 | O9: 1 | P9: =IF(AND(N9=0,G9=1,M9=1),1,0) -> 0 | Q9: =IF(ISERROR(N9),N9,IF(SUM(C9:K9)>=4,1,0)) -> 0 | R9: =IF(AND(B9=1,N9>'Line Follower'!$C$7,SUM(C9:K9)<4),1,0) -> 0 | S9: =IF(AND(L9=1,N9<'Line Follower'!$C$6,SUM(C9:K9)<4),1,0) -> 0 | T9: =IF(ISNA(N9),NA(),IF(SUM(C9:L9)=0,1,0)) -> 0 | U9: =IF(ISNA(N9),NA(),IF(SUM(B9:K9)=0,1,0)) -> 0 | V9: =IF(ISNA(N9),NA(),IF(SUM(B9:L9)=0,1,0)) -> 0
B10: 1 | C10: 1 | D10: 1 | E10: 0 | F10: 0 | G10: 0 | H10: 0 | I10: 0 | J10: 0 | K10: 0 | L10: 0 | M10: 0 | N10: {=IF(OR(ISNUMBER(FIND(Aux!$D$3:$D$9,_xlfn.TEXTJOIN(,,C10:K10)))),NA(),IF(AND(SUM(C10:F10,H10:K10)=0,G10=1),0,INT((SUMPRODUCT(C10:F10,COLUMN($A$1:$D$1)-1)+SUMPRODUCT(H10:K10,COLUMN($E$1:$H$1)-1))*'Line Follower'!$C$3/SUM(C10:F10,H10:K10)-'Line Follower'!$C$5)))} -> -6 | O10: 1 | P10: =IF(AND(N10=0,G10=1,M10=1),1,0) -> 0 | Q10: =IF(ISERROR(N10),N10,IF(SUM(C10:K10)>=4,1,0)) -> 0 | R10: =IF(AND(B10=1,N10>'Line Follower'!$C$7,SUM(C10:K10)<4),1,0) -> 1 | S10: =IF(AND(L10=1,N10<'Line Follower'!$C$6,SUM(C10:K10)<4),1,0) -> 0 | T10: =IF(ISNA(N10),NA(),IF(SUM(C10:L10)=0,1,0)) -> 0 | U10: =IF(ISNA(N10),NA(),IF(SUM(B10:K10)=0,1,0)) -> 0 | V10: =IF(ISNA(N10),NA(),IF(SUM(B10:L10)=0,1,0)) -> 0
B11: 0 | C11: 0 | D11: 0 | E11: 1 | F11: 0 | G11: 0 | H11: 0 | I11: 0 | J11: 0 | K11: 0 | L11: 0 | M11: 0 | N11: {=IF(OR(ISNUMBER(FIND(Aux!$D$3:$D$9,_xlfn.TEXTJOIN(,,C11:K11)))),NA(),IF(AND(SUM(C11:F11,H11:K11)=0,G11=1),0,INT((SUMPRODUCT(C11:F11,COLUMN($A$1:$D$1)-1)+SUMPRODUCT(H11:K11,COLUMN($E$1:$H$1)-1))*'Line Follower'!$C$3/SUM(C11:F11,H11:K11)-'Line Follower'!$C$5)))} -> -3 | O11: 1 | P11: =IF(AND(N11=0,G11=1,M11=1),1,0) -> 0 | Q11: =IF(ISERROR(N11),N11,IF(SUM(C11:K11)>=4,1,0)) -> 0 | R11: =IF(AND(B11=1,N11>'Line Follower'!$C$7,SUM(C11:K11)<4),1,0) -> 0 | S11: =IF(AND(L11=1,N11<'Line Follower'!$C$6,SUM(C11:K11)<4),1,0) -> 0 | T11: =IF(ISNA(N11),NA(),IF(SUM(C11:L11)=0,1,0)) -> 0 | U11: =IF(ISNA(N11),NA(),IF(SUM(B11:K11)=0,1,0)) -> 0 | V11: =IF(ISNA(N11),NA(),IF(SUM(B11:L11)=0,1,0)) -> 0
B12: 1 | C12: 0 | D12: 0 | E12: 1 | F12: 0 | G12: 0 | H12: 0 | I12: 0 | J12: 0 | K12: 0 | L12: 0 | M12: 0 | N12: {=IF(OR(ISNUMBER(FIND(Aux!$D$3:$D$9,_xlfn.TEXTJOIN(,,C12:K12)))),NA(),IF(AND(SUM(C12:F12,H12:K12)=0,G12=1),0,INT((SUMPRODUCT(C12:F12,COLUMN($A$1:$D$1)-1)+SUMPRODUCT(H12:K12,COLUMN($E$1:$H$1)-1))*'Line Follower'!$C$3/SUM(C12:F12,H12:K12)-'Line Follower'!$C$5)))} -> -3 | O12: 1 | P12: =IF(AND(N12=0,G12=1,M12=1),1,0) -> 0 | Q12: =IF(ISERROR(N12),N12,IF(SUM(C12:K12)>=4,1,0)) -> 0 | R12: =IF(AND(B12=1,N12>'Line Follower'!$C$7,SUM(C12:K12)<4),1,0) -> 1 | S12: =IF(AND(L12=1,N12<'Line Follower'!$C$6,SUM(C12:K12)<4),1,0) -> 0 | T12: =IF(ISNA(N12),NA(),IF(SUM(C12:L12)=0,1,0)) -> 0 | U12: =IF(ISNA(N12),NA(),IF(SUM(B12:K12)=0,1,0)) -> 0 | V12: =IF(ISNA(N12),NA(),IF(SUM(B12:L12)=0,1,0)) -> 0
B13: 0 | C13: 1 | D13: 0 | E13: 1 | F13: 0 | G13: 0 | H13: 0 | I13: 0 | J13: 0 | K13: 0 | L13: 0 | M13: 0 | N13: {=IF(OR(ISNUMBER(FIND(Aux!$D$3:$D$9,_xlfn.TEXTJOIN(,,C13:K13)))),NA(),IF(AND(SUM(C13:F13,H13:K13)=0,G13=1),0,INT((SUMPRODUCT(C13:F13,COLUMN($A$1:$D$1)-1)+SUMPRODUCT(H13:K13,COLUMN($E$1:$H$1)-1))*'Line Follower'!$C$3/SUM(C13:F13,H13:K13)-'Line Follower'!$C$5)))} -> #N/A | O13: #N/A | P13: =IF(AND(N13=0,G13=1,M13=1),1,0) -> #N/A | Q13: =IF(ISERROR(N13),N13,IF(SUM(C13:K13)>=4,1,0)) -> #N/A | R13: =IF(AND(B13=1,N13>'Line Follower'!$C$7,SUM(C13:K13)<4),1,0) -> #N/A | S13: =IF(AND(L13=1,N13<'Line Follower'!$C$6,SUM(C13:K13)<4),1,0) -> #N/A | T13: =IF(ISNA(N13),NA(),IF(SUM(C13:L13)=0,1,0)) -> #N/A | U13: =IF(ISNA(N13),NA(),IF(SUM(B13:K13)=0,1,0)) -> #N/A | V13: =IF(ISNA(N13),NA(),IF(SUM(B13:L13)=0,1,0)) -> #N/A
B14: 1 | C14: 1 | D14: 0 | E14: 1 | F14: 0 | G14: 0 | H14: 0 | I14: 0 | J14: 0 | K14: 0 | L14: 0 | M14: 0 | N14: {=IF(OR(ISNUMBER(FIND(Aux!$D$3:$D$9,_xlfn.TEXTJOIN(,,C14:K14)))),NA(),IF(AND(SUM(C14:F14,H14:K14)=0,G14=1),0,INT((SUMPRODUCT(C14:F14,COLUMN($A$1:$D$1)-1)+SUMPRODUCT(H14:K14,COLUMN($E$1:$H$1)-1))*'Line Follower'!$C$3/SUM(C14:F14,H14:K14)-'Line Follower'!$C$5)))} -> #N/A | O14: #N/A | P14: =IF(AND(N14=0,G14=1,M14=1),1,0) -> #N/A | Q14: =IF(ISERROR(N14),N14,IF(SUM(C14:K14)>=4,1,0)) -> #N/A | R14: =IF(AND(B14=1,N14>'Line Follower'!$C$7,SUM(C14:K14)<4),1,0) -> #N/A | S14: =IF(AND(L14=1,N14<'Line Follower'!$C$6,SUM(C14:K14)<4),1,0) -> #N/A | T14: =IF(ISNA(N14),NA(),IF(SUM(C14:L14)=0,1,0)) -> #N/A | U14: =IF(ISNA(N14),NA(),IF(SUM(B14:K14)=0,1,0)) -> #N/A | V14: =IF(ISNA(N14),NA(),IF(SUM(B14:L14)=0,1,0)) -> #N/A
B15: 0 | C15: 0 | D15: 1 | E15: 1 | F15: 0 | G15: 0 | H15: 0 | I15: 0 | J15: 0 | K15: 0 | L15: 0 | M15: 0 | N15: {=IF(OR(ISNUMBER(FIND(Aux!$D$3:$D$9,_xlfn.TEXTJOIN(,,C15:K15)))),NA(),IF(AND(SUM(C15:F15,H15:K15)=0,G15=1),0,INT((SUMPRODUCT(C15:F15,COLUMN($A$1:$D$1)-1)+SUMPRODUCT(H15:K15,COLUMN($E$1:$H$1)-1))*'Line Follower'!$C$3/SUM(C15:F15,H15:K15)-'Line Follower'!$C$5)))} -> -4 | O15: 1 | P15: =IF(AND(N15=0,G15=1,M15=1),1,0) -> 0 | Q15: =IF(ISERROR(N15),N15,IF(SUM(C15:K15)>=4,1,0)) -> 0 | R15: =IF(AND(B15=1,N15>'Line Follower'!$C$7,SUM(C15:K15)<4),1,0) -> 0 | S15: =IF(AND(L15=1,N15<'Line Follower'!$C$6,SUM(C15:K15)<4),1,0) -> 0 | T15: =IF(ISNA(N15),NA(),IF(SUM(C15:L15)=0,1,0)) -> 0 | U15: =IF(ISNA(N15),NA(),IF(SUM(B15:K15)=0,1,0)) -> 0 | V15: =IF(ISNA(N15),NA(),IF(SUM(B15:L15)=0,1,0)) -> 0
B16: 1 | C16: 0 | D16: 1 | E16: 1 | F16: 0 | G16: 0 | H16: 0 | I16: 0 | J16: 0 | K16: 0 | L16: 0 | M16: 0 | N16: {=IF(OR(ISNUMBER(FIND(Aux!$D$3:$D$9,_xlfn.TEXTJOIN(,,C16:K16)))),NA(),IF(AND(SUM(C16:F16,H16:K16)=0,G16=1),0,INT((SUMPRODUCT(C16:F16,COLUMN($A$1:$D$1)-1)+SUMPRODUCT(H16:K16,COLUMN($E$1:$H$1)-1))*'Line Follower'!$C$3/SUM(C16:F16,H16:K16)-'Line Follower'!$C$5)))} -> -4 | O16: 1 | P16: =IF(AND(N16=0,G16=1,M16=1),1,0) -> 0 | Q16: =IF(ISERROR(N16),N16,IF(SUM(C16:K16)>=4,1,0)) -> 0 | R16: =IF(AND(B16=1,N16>'Line Follower'!$C$7,SUM(C16:K16)<4),1,0) -> 1 | S16: =IF(AND(L16=1,N16<'Line Follower'!$C$6,SUM(C16:K16)<4),1,0) -> 0 | T16: =IF(ISNA(N16),NA(),IF(SUM(C16:L16)=0,1,0)) -> 0 | U16: =IF(ISNA(N16),NA(),IF(SUM(B16:K16)=0,1,0)) -> 0 | V16: =IF(ISNA(N16),NA(),IF(SUM(B16:L16)=0,1,0)) -> 0
B17: 0 | C17: 1 | D17: 1 | E17: 1 | F17: 0 | G17: 0 | H17: 0 | I17: 0 | J17: 0 | K17: 0 | L17: 0 | M17: 0 | N17: {=IF(OR(ISNUMBER(FIND(Aux!$D$3:$D$9,_xlfn.TEXTJOIN(,,C17:K17)))),NA(),IF(AND(SUM(C17:F17,H17:K17)=0,G17=1),0,INT((SUMPRODUCT(C17:F17,COLUMN($A$1:$D$1)-1)+SUMPRODUCT(H17:K17,COLUMN($E$1:$H$1)-1))*'Line Follower'!$C$3/SUM(C17:F17,H17:K17)-'Line Follower'!$C$5)))} -> -5 | O17: 1 | P17: =IF(AND(N17=0,G17=1,M17=1),1,0) -> 0 | Q17: =IF(ISERROR(N17),N17,IF(SUM(C17:K17)>=4,1,0)) -> 0 | R17: =IF(AND(B17=1,N17>'Line Follower'!$C$7,SUM(C17:K17)<4),1,0) -> 0 | S17: =IF(AND(L17=1,N17<'Line Follower'!$C$6,SUM(C17:K17)<4),1,0) -> 0 | T17: =IF(ISNA(N17),NA(),IF(SUM(C17:L17)=0,1,0)) -> 0 | U17: =IF(ISNA(N17),NA(),IF(SUM(B17:K17)=0,1,0)) -> 0 | V17: =IF(ISNA(N17),NA(),IF(SUM(B17:L17)=0,1,0)) -> 0
B18: 1 | C18: 1 | D18: 1 | E18: 1 | F18: 0 | G18: 0 | H18: 0 | I18: 0 | J18: 0 | K18: 0 | L18: 0 | M18: 0 | N18: {=IF(OR(ISNUMBER(FIND(Aux!$D$3:$D$9,_xlfn.TEXTJOIN(,,C18:K18)))),NA(),IF(AND(SUM(C18:F18,H18:K18)=0,G18=1),0,INT((SUMPRODUCT(C18:F18,COLUMN($A$1:$D$1)-1)+SUMPRODUCT(H18:K18,COLUMN($E$1:$H$1)-1))*'Line Follower'!$C$3/SUM(C18:F18,H18:K18)-'Line Follower'!$C$5)))} -> -5 | O18: 1 | P18: =IF(AND(N18=0,G18=1,M18=1),1,0) -> 0 | Q18: =IF(ISERROR(N18),N18,IF(SUM(C18:K18)>=4,1,0)) -> 0 | R18: =IF(AND(B18=1,N18>'Line Follower'!$C$7,SUM(C18:K18)<4),1,0) -> 1 | S18: =IF(AND(L18=1,N18<'Line Follower'!$C$6,SUM(C18:K18)<4),1,0) -> 0 | T18: =IF(ISNA(N18),NA(),IF(SUM(C18:L18)=0,1,0)) -> 0 | U18: =IF(ISNA(N18),NA(),IF(SUM(B18:K18)=0,1,0)) -> 0 | V18: =IF(ISNA(N18),NA(),IF(SUM(B18:L18)=0,1,0)) -> 0
B19: 0 | C19: 0 | D19: 0 | E19: 0 | F19: 1 | G19: 0 | H19: 0 | I19: 0 | J19: 0 | K19: 0 | L19: 0 | M19: 0 | N19: {=IF(OR(ISNUMBER(FIND(Aux!$D$3:$D$9,_xlfn.TEXTJOIN(,,C19:K19)))),NA(),IF(AND(SUM(C19:F19,H19:K19)=0,G19=1),0,INT((SUMPRODUCT(C19:F19,COLUMN($A$1:$D$1)-1)+SUMPRODUCT(H19:K19,COLUMN($E$1:$H$1)-1))*'Line Follower'!$C$3/SUM(C19:F19,H19:K19)-'Line Follower'!$C$5)))} -> -1 | O19: 1 | P19: =IF(AND(N19=0,G19=1,M19=1),1,0) -> 0 | Q19: =IF(ISERROR(N19),N19,IF(SUM(C19:K19)>=4,1,0)) -> 0 | R19: =IF(AND(B19=1,N19>'Line Follower'!$C$7,SUM(C19:K19)<4),1,0) -> 0 | S19: =IF(AND(L19=1,N19<'Line Follower'!$C$6,SUM(C19:K19)<4),1,0) -> 0 | T19: =IF(ISNA(N19),NA(),IF(SUM(C19:L19)=0,1,0)) -> 0 | U19: =IF(ISNA(N19),NA(),IF(SUM(B19:K19)=0,1,0)) -> 0 | V19: =IF(ISNA(N19),NA(),IF(SUM(B19:L19)=0,1,0)) -> 0
B20: 1 | C20: 0 | D20: 0 | E20: 0 | F20: 1 | G20: 0 | H20: 0 | I20: 0 | J20: 0 | K20: 0 | L20: 0 | M20: 0 | N20: {=IF(OR(ISNUMBER(FIND(Aux!$D$3:$D$9,_xlfn.TEXTJOIN(,,C20:K20)))),NA(),IF(AND(SUM(C20:F20,H20:K20)=0,G20=1),0,INT((SUMPRODUCT(C20:F20,COLUMN($A$1:$D$1)-1)+SUMPRODUCT(H20:K20,COLUMN($E$1:$H$1)-1))*'Line Follower'!$C$3/SUM(C20:F20,H20:K20)-'Line Follower'!$C$5)))} -> -1 | O20: 1 | P20: =IF(AND(N20=0,G20=1,M20=1),1,0) -> 0 | Q20: =IF(ISERROR(N20),N20,IF(SUM(C20:K20)>=4,1,0)) -> 0 | R20: =IF(AND(B20=1,N20>'Line Follower'!$C$7,SUM(C20:K20)<4),1,0) -> 1 | S20: =IF(AND(L20=1,N20<'Line Follower'!$C$6,SUM(C20:K20)<4),1,0) -> 0 | T20: =IF(ISNA(N20),NA(),IF(SUM(C20:L20)=0,1,0)) -> 0 | U20: =IF(ISNA(N20),NA(),IF(SUM(B20:K20)=0,1,0)) -> 0 | V20: =IF(ISNA(N20),NA(),IF(SUM(B20:L20)=0,1,0)) -> 0
B21: 0 | C21: 1 | D21: 0 | E21: 0 | F21: 1 | G21: 0 | H21: 0 | I21: 0 | J21: 0 | K21: 0 | L21: 0 | M21: 0 | N21: {=IF(OR(ISNUMBER(FIND(Aux!$D$3:$D$9,_xlfn.TEXTJOIN(,,C21:K21)))),NA(),IF(AND(SUM(C21:F21,H21:K21)=0,G21=1),0,INT((SUMPRODUCT(C21:F21,COLUMN($A$1:$D$1)-1)+SUMPRODUCT(H21:K21,COLUMN($E$1:$H$1)-1))*'Line Follower'!$C$3/SUM(C21:F21,H21:K21)-'Line Follower'!$C$5)))} -> #N/A | O21: #N/A | P21: =IF(AND(N21=0,G21=1,M21=1),1,0) -> #N/A | Q21: =IF(ISERROR(N21),N21,IF(SUM(C21:K21)>=4,1,0)) -> #N/A | R21: =IF(AND(B21=1,N21>'Line Follower'!$C$7,SUM(C21:K21)<4),1,0) -> #N/A | S21: =IF(AND(L21=1,N21<'Line Follower'!$C$6,SUM(C21:K21)<4),1,0) -> #N/A | T21: =IF(ISNA(N21),NA(),IF(SUM(C21:L21)=0,1,0)) -> #N/A | U21: =IF(ISNA(N21),NA(),IF(SUM(B21:K21)=0,1,0)) -> #N/A | V21: =IF(ISNA(N21),NA(),IF(SUM(B21:L21)=0,1,0)) -> #N/A
B22: 1 | C22: 1 | D22: 0 | E22: 0 | F22: 1 | G22: 0 | H22: 0 | I22: 0 | J22: 0 | K22: 0 | L22: 0 | M22: 0 | N22: {=IF(OR(ISNUMBER(FIND(Aux!$D$3:$D$9,_xlfn.TEXTJOIN(,,C22:K22)))),NA(),IF(AND(SUM(C22:F22,H22:K22)=0,G22=1),0,INT((SUMPRODUCT(C22:F22,COLUMN($A$1:$D$1)-1)+SUMPRODUCT(H22:K22,COLUMN($E$1:$H$1)-1))*'Line Follower'!$C$3/SUM(C22:F22,H22:K22)-'Line Follower'!$C$5)))} -> #N/A | O22: #N/A | P22: =IF(AND(N22=0,G22=1,M22=1),1,0) -> #N/A | Q22: =IF(ISERROR(N22),N22,IF(SUM(C22:K22)>=4,1,0)) -> #N/A | R22: =IF(AND(B22=1,N22>'Line Follower'!$C$7,SUM(C22:K22)<4),1,0) -> #N/A | S22: =IF(AND(L22=1,N22<'Line Follower'!$C$6,SUM(C22:K22)<4),1,0) -> #N/A | T22: =IF(ISNA(N22),NA(),IF(SUM(C22:L22)=0,1,0)) -> #N/A | U22: =IF(ISNA(N22),NA(),IF(SUM(B22:K22)=0,1,0)) -> #N/A | V22: =IF(ISNA(N22),NA(),IF(SUM(B22:L22)=0,1,0)) -> #N/A
B23: 0 | C23: 0 | D23: 1 | E23: 0 | F23: 1 | G23: 0 | H23: 0 | I23: 0 | J23: 0 | K23: 0 | L23: 0 | M23: 0 | N23: {=IF(OR(ISNUMBER(FIND(Aux!$D$3:$D$9,_xlfn.TEXTJOIN(,,C23:K23)))),NA(),IF(AND(SUM(C23:F23,H23:K23)=0,G23=1),0,INT((SUMPRODUCT(C23:F23,COLUMN($A$1:$D$1)-1)+SUMPRODUCT(H23:K23,COLUMN($E$1:$H$1)-1))*'Line Follower'!$C$3/SUM(C23:F23,H23:K23)-'Line Follower'!$C$5)))} -> #N/A | O23: #N/A | P23: =IF(AND(N23=0,G23=1,M23=1),1,0) -> #N/A | Q23: =IF(ISERROR(N23),N23,IF(SUM(C23:K23)>=4,1,0)) -> #N/A | R23: =IF(AND(B23=1,N23>'Line Follower'!$C$7,SUM(C23:K23)<4),1,0) -> #N/A | S23: =IF(AND(L23=1,N23<'Line Follower'!$C$6,SUM(C23:K23)<4),1,0) -> #N/A | T23: =IF(ISNA(N23),NA(),IF(SUM(C23:L23)=0,1,0)) -> #N/A | U23: =IF(ISNA(N23),NA(),IF(SUM(B23:K23)=0,1,0)) -> #N/A | V23: =IF(ISNA(N23),NA(),IF(SUM(B23:L23)=0,1,0)) -> #N/A
B24: 1 | C24: 0 | D24: 1 | E24: 0 | F24: 1 | G24: 0 | H24: 0 | I24: 0 | J24: 0 | K24: 0 | L24: 0 | M24: 0 | N24: {=IF(OR(ISNUMBER(FIND(Aux!$D$3:$D$9,_xlfn.TEXTJOIN(,,C24:K24)))),NA(),IF(AND(SUM(C24:F24,H24:K24)=0,G24=1),0,INT((SUMPRODUCT(C24:F24,COLUMN($A$1:$D$1)-1)+SUMPRODUCT(H24:K24,COLUMN($E$1:$H$1)-1))*'Line Follower'!$C$3/SUM(C24:F24,H24:K24)-'Line Follower'!$C$5)))} -> #N/A | O24: #N/A | P24: =IF(AND(N24=0,G24=1,M24=1),1,0) -> #N/A | Q24: =IF(ISERROR(N24),N24,IF(SUM(C24:K24)>=4,1,0)) -> #N/A | R24: =IF(AND(B24=1,N24>'Line Follower'!$C$7,SUM(C24:K24)<4),1,0) -> #N/A | S24: =IF(AND(L24=1,N24<'Line Follower'!$C$6,SUM(C24:K24)<4),1,0) -> #N/A | T24: =IF(ISNA(N24),NA(),IF(SUM(C24:L24)=0,1,0)) -> #N/A | U24: =IF(ISNA(N24),NA(),IF(SUM(B24:K24)=0,1,0)) -> #N/A | V24: =IF(ISNA(N24),NA(),IF(SUM(B24:L24)=0,1,0)) -> #N/A
B25: 0 | C25: 1 | D25: 1 | E25: 0 | F25: 1 | G25: 0 | H25: 0 | I25: 0 | J25: 0 | K25: 0 | L25: 0 | M25: 0 | N25: {=IF(OR(ISNUMBER(FIND(Aux!$D$3:$D$9,_xlfn.TEXTJOIN(,,C25:K25)))),NA(),IF(AND(SUM(C25:F25,H25:K25)=0,G25=1),0,INT((SUMPRODUCT(C25:F25,COLUMN($A$1:$D$1)-1)+SUMPRODUCT(H25:K25,COLUMN($E$1:$H$1)-1))*'Line Follower'!$C$3/SUM(C25:F25,H25:K25)-'Line Follower'!$C$5)))} -> #N/A | O25: #N/A | P25: =IF(AND(N25=0,G25=1,M25=1),1,0) -> #N/A | Q25: =IF(ISERROR(N25),N25,IF(SUM(C25:K25)>=4,1,0)) -> #N/A | R25: =IF(AND(B25=1,N25>'Line Follower'!$C$7,SUM(C25:K25)<4),1,0) -> #N/A | S25: =IF(AND(L25=1,N25<'Line Follower'!$C$6,SUM(C25:K25)<4),1,0) -> #N/A | T25: =IF(ISNA(N25),NA(),IF(SUM(C25:L25)=0,1,0)) -> #N/A | U25: =IF(ISNA(N25),NA(),IF(SUM(B25:K25)=0,1,0)) -> #N/A | V25: =IF(ISNA(N25),NA(),IF(SUM(B25:L25)=0,1,0)) -> #N/A
B26: 1 | C26: 1 | D26: 1 | E26: 0 | F26: 1 | G26: 0 | H26: 0 | I26: 0 | J26: 0 | K26: 0 | L26: 0 | M26: 0 | N26: {=IF(OR(ISNUMBER(FIND(Aux!$D$3:$D$9,_xlfn.TEXTJOIN(,,C26:K26)))),NA(),IF(AND(SUM(C26:F26,H26:K26)=0,G26=1),0,INT((SUMPRODUCT(C26:F26,COLUMN($A$1:$D$1)-1)+SUMPRODUCT(H26:K26,COLUMN($E$1:$H$1)-1))*'Line Follower'!$C$3/SUM(C26:F26,H26:K26)-'Line Follower'!$C$5)))} -> #N/A | O26: #N/A | P26: =IF(AND(N26=0,G26=1,M26=1),1,0) -> #N/A | Q26: =IF(ISERROR(N26),N26,IF(SUM(C26:K26)>=4,1,0)) -> #N/A | R26: =IF(AND(B26=1,N26>'Line Follower'!$C$7,SUM(C26:K26)<4),1,0) -> #N/A | S26: =IF(AND(L26=1,N26<'Line Follower'!$C$6,SUM(C26:K26)<4),1,0) -> #N/A | T26: =IF(ISNA(N26),NA(),IF(SUM(C26:L26)=0,1,0)) -> #N/A | U26: =IF(ISNA(N26),NA(),IF(SUM(B26:K26)=0,1,0)) -> #N/A | V26: =IF(ISNA(N26),NA(),IF(SUM(B26:L26)=0,1,0)) -> #N/A
B27: 0 | C27: 0 | D27: 0 | E27: 1 | F27: 1 | G27: 0 | H27: 0 | I27: 0 | J27: 0 | K27: 0 | L27: 0 | M27: 0 | N27: {=IF(OR(ISNUMBER(FIND(Aux!$D$3:$D$9,_xlfn.TEXTJOIN(,,C27:K27)))),NA(),IF(AND(SUM(C27:F27,H27:K27)=0,G27=1),0,INT((SUMPRODUCT(C27:F27,COLUMN($A$1:$D$1)-1)+SUMPRODUCT(H27:K27,COLUMN($E$1:$H$1)-1))*'Line Follower'!$C$3/SUM(C27:F27,H27:K27)-'Line Follower'!$C$5)))} -> -2 | O27: 1 | P27: =IF(AND(N27=0,G27=1,M27=1),1,0) -> 0 | Q27: =IF(ISERROR(N27),N27,IF(SUM(C27:K27)>=4,1,0)) -> 0 | R27: =IF(AND(B27=1,N27>'Line Follower'!$C$7,SUM(C27:K27)<4),1,0) -> 0 | S27: =IF(AND(L27=1,N27<'Line Follower'!$C$6,SUM(C27:K27)<4),1,0) -> 0 | T27: =IF(ISNA(N27),NA(),IF(SUM(C27:L27)=0,1,0)) -> 0 | U27: =IF(ISNA(N27),NA(),IF(SUM(B27:K27)=0,1,0)) -> 0 | V27: =IF(ISNA(N27),NA(),IF(SUM(B27:L27)=0,1,0)) -> 0
B28: 1 | C28: 0 | D28: 0 | E28: 1 | F28: 1 | G28: 0 | H28: 0 | I28: 0 | J28: 0 | K28: 0 | L28: 0 | M28: 0 | N28: {=IF(OR(ISNUMBER(FIND(Aux!$D$3:$D$9,_xlfn.TEXTJOIN(,,C28:K28)))),NA(),IF(AND(SUM(C28:F28,H28:K28)=0,G28=1),0,INT((SUMPRODUCT(C28:F28,COLUMN($A$1:$D$1)-1)+SUMPRODUCT(H28:K28,COLUMN($E$1:$H$1)-1))*'Line Follower'!$C$3/SUM(C28:F28,H28:K28)-'Line Follower'!$C$5)))} -> -2 | O28: 1 | P28: =IF(AND(N28=0,G28=1,M28=1),1,0) -> 0 | Q28: =IF(ISERROR(N28),N28,IF(SUM(C28:K28)>=4,1,0)) -> 0 | R28: =IF(AND(B28=1,N28>'Line Follower'!$C$7,SUM(C28:K28)<4),1,0) -> 1 | S28: =IF(AND(L28=1,N28<'Line Follower'!$C$6,SUM(C28:K28)<4),1,0) -> 0 | T28: =IF(ISNA(N28),NA(),IF(SUM(C28:L28)=0,1,0)) -> 0 | U28: =IF(ISNA(N28),NA(),IF(SUM(B28:K28)=0,1,0)) -> 0 | V28: =IF(ISNA(N28),NA(),IF(SUM(B28:L28)=0,1,0)) -> 0
B29: 0 | C29: 1 | D29: 0 | E29: 1 | F29: 1 | G29: 0 | H29: 0 | I29: 0 | J29: 0 | K29: 0 | L29: 0 | M29: 0 | N29: {=IF(OR(ISNUMBER(FIND(Aux!$D$3:$D$9,_xlfn.TEXTJOIN(,,C29:K29)))),NA(),IF(AND(SUM(C29:F29,H29:K29)=0,G29=1),0,INT((SUMPRODUCT(C29:F29,COLUMN($A$1:$D$1)-1)+SUMPRODUCT(H29:K29,COLUMN($E$1:$H$1)-1))*'Line Follower'!$C$3/SUM(C29:F29,H29:K29)-'Line Follower'!$C$5)))} -> #N/A | O29: #N/A | P29: =IF(AND(N29=0,G29=1,M29=1),1,0) -> #N/A | Q29: =IF(ISERROR(N29),N29,IF(SUM(C29:K29)>=4,1,0)) -> #N/A | R29: =IF(AND(B29=1,N29>'Line Follower'!$C$7,SUM(C29:K29)<4),1,0) -> #N/A | S29: =IF(AND(L29=1,N29<'Line Follower'!$C$6,SUM(C29:K29)<4),1,0) -> #N/A | T29: =IF(ISNA(N29),NA(),IF(SUM(C29:L29)=0,1,0)) -> #N/A | U29: =IF(ISNA(N29),NA(),IF(SUM(B29:K29)=0,1,0)) -> #N/A | V29: =IF(ISNA(N29),NA(),IF(SUM(B29:L29)=0,1,0)) -> #N/A
B30: 1 | C30: 1 | D30: 0 | E30: 1 | F30: 1 | G30: 0 | H30: 0 | I30: 0 | J30: 0 | K30: 0 | L30: 0 | M30: 0 | N30: {=IF(OR(ISNUMBER(FIND(Aux!$D$3:$D$9,_xlfn.TEXTJOIN(,,C30:K30)))),NA(),IF(AND(SUM(C30:F30,H30:K30)=0,G30=1),0,INT((SUMPRODUCT(C30:F30,COLUMN($A$1:$D$1)-1)+SUMPRODUCT(H30:K30,COLUMN($E$1:$H$1)-1))*'Line Follower'!$C$3/SUM(C30:F30,H30:K30)-'Line Follower'!$C$5)))} -> #N/A | O30: #N/A | P30: =IF(AND(N30=0,G30=1,M30=1),1,0) -> #N/A | Q30: =IF(ISERROR(N30),N30,IF(SUM(C30:K30)>=4,1,0)) -> #N/A | R30: =IF(AND(B30=1,N30>'Line Follower'!$C$7,SUM(C30:K30)<4),1,0) -> #N/A | S30: =IF(AND(L30=1,N30<'Line Follower'!$C$6,SUM(C30:K30)<4),1,0) -> #N/A | T30: =IF(ISNA(N30),NA(),IF(SUM(C30:L30)=0,1,0)) -> #N/A | U30: =IF(ISNA(N30),NA(),IF(SUM(B30:K30)=0,1,0)) -> #N/A | V30: =IF(ISNA(N30),NA(),IF(SUM(B30:L30)=0,1,0)) -> #N/A
B31: 0 | C31: 0 | D31: 1 | E31: 1 | F31: 1 | G31: 0 | H31: 0 | I31: 0 | J31: 0 | K31: 0 | L31: 0 | M31: 0 | N31: {=IF(OR(ISNUMBER(FIND(Aux!$D$3:$D$9,_xlfn.TEXTJOIN(,,C31:K31)))),NA(),IF(AND(SUM(C31:F31,H31:K31)=0,G31=1),0,INT((SUMPRODUCT(C31:F31,COLUMN($A$1:$D$1)-1)+SUMPRODUCT(H31:K31,COLUMN($E$1:$H$1)-1))*'Line Follower'!$C$3/SUM(C31:F31,H31:K31)-'Line Follower'!$C$5)))} -> -3 | O31: 1 | P31: =IF(AND(N31=0,G31=1,M31=1),1,0) -> 0 | Q31: =IF(ISERROR(N31),N31,IF(SUM(C31:K31)>=4,1,0)) -> 0 | R31: =IF(AND(B31=1,N31>'Line Follower'!$C$7,SUM(C31:K31)<4),1,0) -> 0 | S31: =IF(AND(L31=1,N31<'Line Follower'!$C$6,SUM(C31:K31)<4),1,0) -> 0 | T31: =IF(ISNA(N31),NA(),IF(SUM(C31:L31)=0,1,0)) -> 0 | U31: =IF(ISNA(N31),NA(),IF(SUM(B31:K31)=0,1,0)) -> 0 | V31: =IF(ISNA(N31),NA(),IF(SUM(B31:L31)=0,1,0)) -> 0
B32: 1 | C32: 0 | D32: 1 | E32: 1 | F32: 1 | G32: 0 | H32: 0 | I32: 0 | J32: 0 | K32: 0 | L32: 0 | M32: 0 | N32: {=IF(OR(ISNUMBER(FIND(Aux!$D$3:$D$9,_xlfn.TEXTJOIN(,,C32:K32)))),NA(),IF(AND(SUM(C32:F32,H32:K32)=0,G32=1),0,INT((SUMPRODUCT(C32:F32,COLUMN($A$1:$D$1)-1)+SUMPRODUCT(H32:K32,COLUMN($E$1:$H$1)-1))*'Line Follower'!$C$3/SUM(C32:F32,H32:K32)-'Line Follower'!$C$5)))} -> -3 | O32: 1 | P32: =IF(AND(N32=0,G32=1,M32=1),1,0) -> 0 | Q32: =IF(ISERROR(N32),N32,IF(SUM(C32:K32)>=4,1,0)) -> 0 | R32: =IF(AND(B32=1,N32>'Line Follower'!$C$7,SUM(C32:K32)<4),1,0) -> 1 | S32: =IF(AND(L32=1,N32<'Line Follower'!$C$6,SUM(C32:K32)<4),1,0) -> 0 | T32: =IF(ISNA(N32),NA(),IF(SUM(C32:L32)=0,1,0)) -> 0 | U32: =IF(ISNA(N32),NA(),IF(SUM(B32:K32)=0,1,0)) -> 0 | V32: =IF(ISNA(N32),NA(),IF(SUM(B32:L32)=0,1,0)) -> 0
B33: 0 | C33: 1 | D33: 1 | E33: 1 | F33: 1 | G33: 0 | H33: 0 | I33: 0 | J33: 0 | K33: 0 | L33: 0 | M33: 0 | N33: {=IF(OR(ISNUMBER(FIND(Aux!$D$3:$D$9,_xlfn.TEXTJOIN(,,C33:K33)))),NA(),IF(AND(SUM(C33:F33,H33:K33)=0,G33=1),0,INT((SUMPRODUCT(C33:F33,COLUMN($A$1:$D$1)-1)+SUMPRODUCT(H33:K33,COLUMN($E$1:$H$1)-1))*'Line Follower'!$C$3/SUM(C33:F33,H33:K33)-'Line Follower'!$C$5)))} -> -4 | O33: 1 | P33: =IF(AND(N33=0,G33=1,M33=1),1,0) -> 0 | Q33: =IF(ISERROR(N33),N33,IF(SUM(C33:K33)>=4,1,0)) -> 1 | R33: =IF(AND(B33=1,N33>'Line Follower'!$C$7,SUM(C33:K33)<4),1,0) -> 0 | S33: =IF(AND(L33=1,N33<'Line Follower'!$C$6,SUM(C33:K33)<4),1,0) -> 0 | T33: =IF(ISNA(N33),NA(),IF(SUM(C33:L33)=0,1,0)) -> 0 | U33: =IF(ISNA(N33),NA(),IF(SUM(B33:K33)=0,1,0)) -> 0 | V33: =IF(ISNA(N33),NA(),IF(SUM(B33:L33)=0,1,0)) -> 0
B34: 1 | C34: 1 | D34: 1 | E34: 1 | F34: 1 | G34: 0 | H34: 0 | I34: 0 | J34: 0 | K34: 0 | L34: 0 | M34: 0 | N34: {=IF(OR(ISNUMBER(FIND(Aux!$D$3:$D$9,_xlfn.TEXTJOIN(,,C34:K34)))),NA(),IF(AND(SUM(C34:F34,H34:K34)=0,G34=1),0,INT((SUMPRODUCT(C34:F34,COLUMN($A$1:$D$1)-1)+SUMPRODUCT(H34:K34,COLUMN($E$1:$H$1)-1))*'Line Follower'!$C$3/SUM(C34:F34,H34:K34)-'Line Follower'!$C$5)))} -> -4 | O34: 1 | P34: =IF(AND(N34=0,G34=1,M34=1),1,0) -> 0 | Q34: =IF(ISERROR(N34),N34,IF(SUM(C34:K34)>=4,1,0)) -> 1 | R34: =IF(AND(B34=1,N34>'Line Follower'!$C$7,SUM(C34:K34)<4),1,0) -> 0 | S34: =IF(AND(L34=1,N34<'Line Follower'!$C$6,SUM(C34:K34)<4),1,0) -> 0 | T34: =IF(ISNA(N34),NA(),IF(SUM(C34:L34)=0,1,0)) -> 0 | U34: =IF(ISNA(N34),NA(),IF(SUM(B34:K34)=0,1,0)) -> 0 | V34: =IF(ISNA(N34),NA(),IF(SUM(B34:L34)=0,1,0)) -> 0
B35: 0 | C35: 0 | D35: 0 | E35: 0 | F35: 0 | G35: 1 | H35: 0 | I35: 0 | J35: 0 | K35: 0 | L35: 0 | M35: 0 | N35: {=IF(OR(ISNUMBER(FIND(Aux!$D$3:$D$9,_xlfn.TEXTJOIN(,,C35:K35)))),NA(),IF(AND(SUM(C35:F35,H35:K35)=0,G35=1),0,INT((SUMPRODUCT(C35:F35,COLUMN($A$1:$D$1)-1)+SUMPRODUCT(H35:K35,COLUMN($E$1:$H$1)-1))*'Line Follower'!$C$3/SUM(C35:F35,H35:K35)-'Line Follower'!$C$5)))} -> 0 | O35: 1 | P35: =IF(AND(N35=0,G35=1,M35=1),1,0) -> 0 | Q35: =IF(ISERROR(N35),N35,IF(SUM(C35:K35)>=4,1,0)) -> 0 | R35: =IF(AND(B35=1,N35>'Line Follower'!$C$7,SUM(C35:K35)<4),1,0) -> 0 | S35: =IF(AND(L35=1,N35<'Line Follower'!$C$6,SUM(C35:K35)<4),1,0) -> 0 | T35: =IF(ISNA(N35),NA(),IF(SUM(C35:L35)=0,1,0)) -> 0 | U35: =IF(ISNA(N35),NA(),IF(SUM(B35:K35)=0,1,0)) -> 0 | V35: =IF(ISNA(N35),NA(),IF(SUM(B35:L35)=0,1,0)) -> 0
B36: 1 | C36: 0 | D36: 0 | E36: 0 | F36: 0 | G36: 1 | H36: 0 | I36: 0 | J36: 0 | K36: 0 | L36: 0 | M36: 0 | N36: {=IF(OR(ISNUMBER(FIND(Aux!$D$3:$D$9,_xlfn.TEXTJOIN(,,C36:K36)))),NA(),IF(AND(SUM(C36:F36,H36:K36)=0,G36=1),0,INT((SUMPRODUCT(C36:F36,COLUMN($A$1:$D$1)-1)+SUMPRODUCT(H36:K36,COLUMN($E$1:$H$1)-1))*'Line Follower'!$C$3/SUM(C36:F36,H36:K36)-'Line Follower'!$C$5)))} -> 0 | O36: 1 | P36: =IF(AND(N36=0,G36=1,M36=1),1,0) -> 0 | Q36: =IF(ISERROR(N36),N36,IF(SUM(C36:K36)>=4,1,0)) -> 0 | R36: =IF(AND(B36=1,N36>'Line Follower'!$C$7,SUM(C36:K36)<4),1,0) -> 1 | S36: =IF(AND(L36=1,N36<'Line Follower'!$C$6,SUM(C36:K36)<4),1,0) -> 0 | T36: =IF(ISNA(N36),NA(),IF(SUM(C36:L36)=0,1,0)) -> 0 | U36: =IF(ISNA(N36),NA(),IF(SUM(B36:K36)=0,1,0)) -> 0 | V36: =IF(ISNA(N36),NA(),IF(SUM(B36:L36)=0,1,0)) -> 0
B37: 0 | C37: 1 | D37: 0 | E37: 0 | F37: 0 | G37: 1 | H37: 0 | I37: 0 | J37: 0 | K37: 0 | L37: 0 | M37: 0 | N37: {=IF(OR(ISNUMBER(FIND(Aux!$D$3:$D$9,_xlfn.TEXTJOIN(,,C37:K37)))),NA(),IF(AND(SUM(C37:F37,H37:K37)=0,G37=1),0,INT((SUMPRODUCT(C37:F37,COLUMN($A$1:$D$1)-1)+SUMPRODUCT(H37:K37,COLUMN($E$1:$H$1)-1))*'Line Follower'!$C$3/SUM(C37:F37,H37:K37)-'Line Follower'!$C$5)))} -> #N/A | O37: #N/A | P37: =IF(AND(N37=0,G37=1,M37=1),1,0) -> #N/A | Q37: =IF(ISERROR(N37),N37,IF(SUM(C37:K37)>=4,1,0)) -> #N/A | R37: =IF(AND(B37=1,N37>'Line Follower'!$C$7,SUM(C37:K37)<4),1,0) -> #N/A | S37: =IF(AND(L37=1,N37<'Line Follower'!$C$6,SUM(C37:K37)<4),1,0) -> #N/A | T37: =IF(ISNA(N37),NA(),IF(SUM(C37:L37)=0,1,0)) -> #N/A | U37: =IF(ISNA(N37),NA(),IF(SUM(B37:K37)=0,1,0)) -> #N/A | V37: =IF(ISNA(N37),NA(),IF(SUM(B37:L37)=0,1,0)) -> #N/A
B38: 1 | C38: 1 | D38: 0 | E38: 0 | F38: 0 | G38: 1 | H38: 0 | I38: 0 | J38: 0 | K38: 0 | L38: 0 | M38: 0 | N38: {=IF(OR(ISNUMBER(FIND(Aux!$D$3:$D$9,_xlfn.TEXTJOIN(,,C38:K38)))),NA(),IF(AND(SUM(C38:F38,H38:K38)=0,G38=1),0,INT((SUMPRODUCT(C38:F38,COLUMN($A$1:$D$1)-1)+SUMPRODUCT(H38:K38,COLUMN($E$1:$H$1)-1))*'Line Follower'!$C$3/SUM(C38:F38,H38:K38)-'Line Follower'!$C$5)))} -> #N/A | O38: #N/A | P38: =IF(AND(N38=0,G38=1,M38=1),1,0) -> #N/A | Q38: =IF(ISERROR(N38),N38,IF(SUM(C38:K38)>=4,1,0)) -> #N/A | R38: =IF(AND(B38=1,N38>'Line Follower'!$C$7,SUM(C38:K38)<4),1,0) -> #N/A | S38: =IF(AND(L38=1,N38<'Line Follower'!$C$6,SUM(C38:K38)<4),1,0) -> #N/A | T38: =IF(ISNA(N38),NA(),IF(SUM(C38:L38)=0,1,0)) -> #N/A | U38: =IF(ISNA(N38),NA(),IF(SUM(B38:K38)=0,1,0)) -> #N/A | V38: =IF(ISNA(N38),NA(),IF(SUM(B38:L38)=0,1,0)) -> #N/A
B39: 0 | C39: 0 | D39: 1 | E39: 0 | F39: 0 | G39: 1 | H39: 0 | I39: 0 | J39: 0 | K39: 0 | L39: 0 | M39: 0 | N39: {=IF(OR(ISNUMBER(FIND(Aux!$D$3:$D$9,_xlfn.TEXTJOIN(,,C39:K39)))),NA(),IF(AND(SUM(C39:F39,H39:K39)=0,G39=1),0,INT((SUMPRODUCT(C39:F39,COLUMN($A$1:$D$1)-1)+SUMPRODUCT(H39:K39,COLUMN($E$1:$H$1)-1))*'Line Follower'!$C$3/SUM(C39:F39,H39:K39)-'Line Follower'!$C$5)))} -> #N/A | O39: #N/A | P39: =IF(AND(N39=0,G39=1,M39=1),1,0) -> #N/A | Q39: =IF(ISERROR(N39),N39,IF(SUM(C39:K39)>=4,1,0)) -> #N/A | R39: =IF(AND(B39=1,N39>'Line Follower'!$C$7,SUM(C39:K39)<4),1,0) -> #N/A | S39: =IF(AND(L39=1,N39<'Line Follower'!$C$6,SUM(C39:K39)<4),1,0) -> #N/A | T39: =IF(ISNA(N39),NA(),IF(SUM(C39:L39)=0,1,0)) -> #N/A | U39: =IF(ISNA(N39),NA(),IF(SUM(B39:K39)=0,1,0)) -> #N/A | V39: =IF(ISNA(N39),NA(),IF(SUM(B39:L39)=0,1,0)) -> #N/A
B40: 1 | C40: 0 | D40: 1 | E40: 0 | F40: 0 | G40: 1 | H40: 0 | I40: 0 | J40: 0 | K40: 0 | L40: 0 | M40: 0 | N40: {=IF(OR(ISNUMBER(FIND(Aux!$D$3:$D$9,_xlfn.TEXTJOIN(,,C40:K40)))),NA(),IF(AND(SUM(C40:F40,H40:K40)=0,G40=1),0,INT((SUMPRODUCT(C40:F40,COLUMN($A$1:$D$1)-1)+SUMPRODUCT(H40:K40,COLUMN($E$1:$H$1)-1))*'Line Follower'!$C$3/SUM(C40:F40,H40:K40)-'Line Follower'!$C$5)))} -> #N/A | O40: #N/A | P40: =IF(AND(N40=0,G40=1,M40=1),1,0) -> #N/A | Q40: =IF(ISERROR(N40),N40,IF(SUM(C40:K40)>=4,1,0)) -> #N/A | R40: =IF(AND(B40=1,N40>'Line Follower'!$C$7,SUM(C40:K40)<4),1,0) -> #N/A | S40: =IF(AND(L40=1,N40<'Line Follower'!$C$6,SUM(C40:K40)<4),1,0) -> #N/A | T40: =IF(ISNA(N40),NA(),IF(SUM(C40:L40)=0,1,0)) -> #N/A | U40: =IF(ISNA(N40),NA(),IF(SUM(B40:K40)=0,1,0)) -> #N/A | V40: =IF(ISNA(N40),NA(),IF(SUM(B40:L40)=0,1,0)) -> #N/A
B41: 0 | C41: 1 | D41: 1 | E41: 0 | F41: 0 | G41: 1 | H41: 0 | I41: 0 | J41: 0 | K41: 0 | L41: 0 | M41: 0 | N41: {=IF(OR(ISNUMBER(FIND(Aux!$D$3:$D$9,_xlfn.TEXTJOIN(,,C41:K41)))),NA(),IF(AND(SUM(C41:F41,H41:K41)=0,G41=1),0,INT((SUMPRODUCT(C41:F41,COLUMN($A$1:$D$1)-1)+SUMPRODUCT(H41:K41,COLUMN($E$1:$H$1)-1))*'Line Follower'!$C$3/SUM(C41:F41,H41:K41)-'Line Follower'!$C$5)))} -> #N/A | O41: #N/A | P41: =IF(AND(N41=0,G41=1,M41=1),1,0) -> #N/A | Q41: =IF(ISERROR(N41),N41,IF(SUM(C41:K41)>=4,1,0)) -> #N/A | R41: =IF(AND(B41=1,N41>'Line Follower'!$C$7,SUM(C41:K41)<4),1,0) -> #N/A | S41: =IF(AND(L41=1,N41<'Line Follower'!$C$6,SUM(C41:K41)<4),1,0) -> #N/A | T41: =IF(ISNA(N41),NA(),IF(SUM(C41:L41)=0,1,0)) -> #N/A | U41: =IF(ISNA(N41),NA(),IF(SUM(B41:K41)=0,1,0)) -> #N/A | V41: =IF(ISNA(N41),NA(),IF(SUM(B41:L41)=0,1,0)) -> #N/A
B42: 1 | C42: 1 | D42: 1 | E42: 0 | F42: 0 | G42: 1 | H42: 0 | I42: 0 | J42: 0 | K42: 0 | L42: 0 | M42: 0 | N42: {=IF(OR(ISNUMBER(FIND(Aux!$D$3:$D$9,_xlfn.TEXTJOIN(,,C42:K42)))),NA(),IF(AND(SUM(C42:F42,H42:K42)=0,G42=1),0,INT((SUMPRODUCT(C42:F42,COLUMN($A$1:$D$1)-1)+SUMPRODUCT(H42:K42,COLUMN($E$1:$H$1)-1))*'Line Follower'!$C$3/SUM(C42:F42,H42:K42)-'Line Follower'!$C$5)))} -> #N/A | O42: #N/A | P42: =IF(AND(N42=0,G42=1,M42=1),1,0) -> #N/A | Q42: =IF(ISERROR(N42),N42,IF(SUM(C42:K42)>=4,1,0)) -> #N/A | R42: =IF(AND(B42=1,N42>'Line Follower'!$C$7,SUM(C42:K42)<4),1,0) -> #N/A | S42: =IF(AND(L42=1,N42<'Line Follower'!$C$6,SUM(C42:K42)<4),1,0) -> #N/A | T42: =IF(ISNA(N42),NA(),IF(SUM(C42:L42)=0,1,0)) -> #N/A | U42: =IF(ISNA(N42),NA(),IF(SUM(B42:K42)=0,1,0)) -> #N/A | V42: =IF(ISNA(N42),NA(),IF(SUM(B42:L42)=0,1,0)) -> #N/A
B43: 0 | C43: 0 | D43: 0 | E43: 1 | F43: 0 | G43: 1 | H43: 0 | I43: 0 | J43: 0 | K43: 0 | L43: 0 | M43: 0 | N43: {=IF(OR(ISNUMBER(FIND(Aux!$D$3:$D$9,_xlfn.TEXTJOIN(,,C43:K43)))),NA(),IF(AND(SUM(C43:F43,H43:K43)=0,G43=1),0,INT((SUMPRODUCT(C43:F43,COLUMN($A$1:$D$1)-1)+SUMPRODUCT(H43:K43,COLUMN($E$1:$H$1)-1))*'Line Follower'!$C$3/SUM(C43:F43,H43:K43)-'Line Follower'!$C$5)))} -> #N/A | O43: #N/A | P43: =IF(AND(N43=0,G43=1,M43=1),1,0) -> #N/A | Q43: =IF(ISERROR(N43),N43,IF(SUM(C43:K43)>=4,1,0)) -> #N/A | R43: =IF(AND(B43=1,N43>'Line Follower'!$C$7,SUM(C43:K43)<4),1,0) -> #N/A | S43: =IF(AND(L43=1,N43<'Line Follower'!$C$6,SUM(C43:K43)<4),1,0) -> #N/A | T43: =IF(ISNA(N43),NA(),IF(SUM(C43:L43)=0,1,0)) -> #N/A | U43: =IF(ISNA(N43),NA(),IF(SUM(B43:K43)=0,1,0)) -> #N/A | V43: =IF(ISNA(N43),NA(),IF(SUM(B43:L43)=0,1,0)) -> #N/A
B44: 1 | C44: 0 | D44: 0 | E44: 1 | F44: 0 | G44: 1 | H44: 0 | I44: 0 | J44: 0 | K44: 0 | L44: 0 | M44: 0 | N44: {=IF(OR(ISNUMBER(FIND(Aux!$D$3:$D$9,_xlfn.TEXTJOIN(,,C44:K44)))),NA(),IF(AND(SUM(C44:F44,H44:K44)=0,G44=1),0,INT((SUMPRODUCT(C44:F44,COLUMN($A$1:$D$1)-1)+SUMPRODUCT(H44:K44,COLUMN($E$1:$H$1)-1))*'Line Follower'!$C$3/SUM(C44:F44,H44:K44)-'Line Follower'!$C$5)))} -> #N/A | O44: #N/A | P44: =IF(AND(N44=0,G44=1,M44=1),1,0) -> #N/A | Q44: =IF(ISERROR(N44),N44,IF(SUM(C44:K44)>=4,1,0)) -> #N/A | R44: =IF(AND(B44=1,N44>'Line Follower'!$C$7,SUM(C44:K44)<4),1,0) -> #N/A | S44: =IF(AND(L44=1,N44<'Line Follower'!$C$6,SUM(C44:K44)<4),1,0) -> #N/A | T44: =IF(ISNA(N44),NA(),IF(SUM(C44:L44)=0,1,0)) -> #N/A | U44: =IF(ISNA(N44),NA(),IF(SUM(B44:K44)=0,1,0)) -> #N/A | V44: =IF(ISNA(N44),NA(),IF(SUM(B44:L44)=0,1,0)) -> #N/A
B45: 0 | C45: 1 | D45: 0 | E45: 1 | F45: 0 | G45: 1 | H45: 0 | I45: 0 | J45: 0 | K45: 0 | L45: 0 | M45: 0 | N45: {=IF(OR(ISNUMBER(FIND(Aux!$D$3:$D$9,_xlfn.TEXTJOIN(,,C45:K45)))),NA(),IF(AND(SUM(C45:F45,H45:K45)=0,G45=1),0,INT((SUMPRODUCT(C45:F45,COLUMN($A$1:$D$1)-1)+SUMPRODUCT(H45:K45,COLUMN($E$1:$H$1)-1))*'Line Follower'!$C$3/SUM(C45:F45,H45:K45)-'Line Follower'!$C$5)))} -> #N/A | O45: #N/A | P45: =IF(AND(N45=0,G45=1,M45=1),1,0) -> #N/A | Q45: =IF(ISERROR(N45),N45,IF(SUM(C45:K45)>=4,1,0)) -> #N/A | R45: =IF(AND(B45=1,N45>'Line Follower'!$C$7,SUM(C45:K45)<4),1,0) -> #N/A | S45: =IF(AND(L45=1,N45<'Line Follower'!$C$6,SUM(C45:K45)<4),1,0) -> #N/A | T45: =IF(ISNA(N45),NA(),IF(SUM(C45:L45)=0,1,0)) -> #N/A | U45: =IF(ISNA(N45),NA(),IF(SUM(B45:K45)=0,1,0)) -> #N/A | V45: =IF(ISNA(N45),NA(),IF(SUM(B45:L45)=0,1,0)) -> #N/A
B46: 1 | C46: 1 | D46: 0 | E46: 1 | F46: 0 | G46: 1 | H46: 0 | I46: 0 | J46: 0 | K46: 0 | L46: 0 | M46: 0 | N46: {=IF(OR(ISNUMBER(FIND(Aux!$D$3:$D$9,_xlfn.TEXTJOIN(,,C46:K46)))),NA(),IF(AND(SUM(C46:F46,H46:K46)=0,G46=1),0,INT((SUMPRODUCT(C46:F46,COLUMN($A$1:$D$1)-1)+SUMPRODUCT(H46:K46,COLUMN($E$1:$H$1)-1))*'Line Follower'!$C$3/SUM(C46:F46,H46:K46)-'Line Follower'!$C$5)))} -> #N/A | O46: #N/A | P46: =IF(AND(N46=0,G46=1,M46=1),1,0) -> #N/A | Q46: =IF(ISERROR(N46),N46,IF(SUM(C46:K46)>=4,1,0)) -> #N/A | R46: =IF(AND(B46=1,N46>'Line Follower'!$C$7,SUM(C46:K46)<4),1,0) -> #N/A | S46: =IF(AND(L46=1,N46<'Line Follower'!$C$6,SUM(C46:K46)<4),1,0) -> #N/A | T46: =IF(ISNA(N46),NA(),IF(SUM(C46:L46)=0,1,0)) -> #N/A | U46: =IF(ISNA(N46),NA(),IF(SUM(B46:K46)=0,1,0)) -> #N/A | V46: =IF(ISNA(N46),NA(),IF(SUM(B46:L46)=0,1,0)) -> #N/A
B47: 0 | C47: 0 | D47: 1 | E47: 1 | F47: 0 | G47: 1 | H47: 0 | I47: 0 | J47: 0 | K47: 0 | L47: 0 | M47: 0 | N47: {=IF(OR(ISNUMBER(FIND(Aux!$D$3:$D$9,_xlfn.TEXTJOIN(,,C47:K47)))),NA(),IF(AND(SUM(C47:F47,H47:K47)=0,G47=1),0,INT((SUMPRODUCT(C47:F47,COLUMN($A$1:$D$1)-1)+SUMPRODUCT(H47:K47,COLUMN($E$1:$H$1)-1))*'Line Follower'!$C$3/SUM(C47:F47,H47:K47)-'Line Follower'!$C$5)))} -> #N/A | O47: #N/A | P47: =IF(AND(N47=0,G47=1,M47=1),1,0) -> #N/A | Q47: =IF(ISERROR(N47),N47,IF(SUM(C47:K47)>=4,1,0)) -> #N/A | R47: =IF(AND(B47=1,N47>'Line Follower'!$C$7,SUM(C47:K47)<4),1,0) -> #N/A | S47: =IF(AND(L47=1,N47<'Line Follower'!$C$6,SUM(C47:K47)<4),1,0) -> #N/A | T47: =IF(ISNA(N47),NA(),IF(SUM(C47:L47)=0,1,0)) -> #N/A | U47: =IF(ISNA(N47),NA(),IF(SUM(B47:K47)=0,1,0)) -> #N/A | V47: =IF(ISNA(N47),NA(),IF(SUM(B47:L47)=0,1,0)) -> #N/A
B48: 1 | C48: 0 | D48: 1 | E48: 1 | F48: 0 | G48: 1 | H48: 0 | I48: 0 | J48: 0 | K48: 0 | L48: 0 | M48: 0 | N48: {=IF(OR(ISNUMBER(FIND(Aux!$D$3:$D$9,_xlfn.TEXTJOIN(,,C48:K48)))),NA(),IF(AND(SUM(C48:F48,H48:K48)=0,G48=1),0,INT((SUMPRODUCT(C48:F48,COLUMN($A$1:$D$1)-1)+SUMPRODUCT(H48:K48,COLUMN($E$1:$H$1)-1))*'Line Follower'!$C$3/SUM(C48:F48,H48:K48)-'Line Follower'!$C$5)))} -> #N/A | O48: #N/A | P48: =IF(AND(N48=0,G48=1,M48=1),1,0) -> #N/A | Q48: =IF(ISERROR(N48),N48,IF(SUM(C48:K48)>=4,1,0)) -> #N/A | R48: =IF(AND(B48=1,N48>'Line Follower'!$C$7,SUM(C48:K48)<4),1,0) -> #N/A | S48: =IF(AND(L48=1,N48<'Line Follower'!$C$6,SUM(C48:K48)<4),1,0) -> #N/A | T48: =IF(ISNA(N48),NA(),IF(SUM(C48:L48)=0,1,0)) -> #N/A | U48: =IF(ISNA(N48),NA(),IF(SUM(B48:K48)=0,1,0)) -> #N/A | V48: =IF(ISNA(N48),NA(),IF(SUM(B48:L48)=0,1,0)) -> #N/A
... B50: 1 | C50: 1 | D50: 1 | E50: 1 | F50: 0 | G50: 1 | H50: 0 | I50: 0 | J50: 0 | K50: 0 | L50: 0 | M50: 0 | N50: {=IF(OR(ISNUMBER(FIND(Aux!$D$3:$D$9,_xlfn.TEXTJOIN(,,C50:K50)))),NA(),IF(AND(SUM(C50:F50,H50:K50)=0,G50=1),0,INT((SUMPRODUCT(C50:F50,COLUMN($A$1:$D$1)-1)+SUMPRODUCT(H50:K50,COLUMN($E$1:$H$1)-1))*'Line Follower'!$C$3/SUM(C50:F50,H50:K50)-'Line Follower'!$C$5)))} -> #N/A | O50: #N/A | P50: =IF(AND(N50=0,G50=1,M50=1),1,0) -> #N/A | Q50: =IF(ISERROR(N50),N50,IF(SUM(C50:K50)>=4,1,0)) -> #N/A | R50: =IF(AND(B50=1,N50>'Line Follower'!$C$7,SUM(C50:K50)<4),1,0) -> #N/A | S50: =IF(AND(L50=1,N50<'Line Follower'!$C$6,SUM(C50:K50)<4),1,0) -> #N/A | T50: =IF(ISNA(N50),NA(),IF(SUM(C50:L50)=0,1,0)) -> #N/A | U50: =IF(ISNA(N50),NA(),IF(SUM(B50:K50)=0,1,0)) -> #N/A | V50: =IF(ISNA(N50),NA(),IF(SUM(B50:L50)=0,1,0)) -> #N/A
B51: 0 | C51: 0 | D51: 0 | E51: 0 | F51: 1 | G51: 1 | H51: 0 | I51: 0 | J51: 0 | K51: 0 | L51: 0 | M51: 0 | N51: {=IF(OR(ISNUMBER(FIND(Aux!$D$3:$D$9,_xlfn.TEXTJOIN(,,C51:K51)))),NA(),IF(AND(SUM(C51:F51,H51:K51)=0,G51=1),0,INT((SUMPRODUCT(C51:F51,COLUMN($A$1:$D$1)-1)+SUMPRODUCT(H51:K51,COLUMN($E$1:$H$1)-1))*'Line Follower'!$C$3/SUM(C51:F51,H51:K51)-'Line Follower'!$C$5)))} -> -1 | O51: 1 | P51: =IF(AND(N51=0,G51=1,M51=1),1,0) -> 0 | Q51: =IF(ISERROR(N51),N51,IF(SUM(C51:K51)>=4,1,0)) -> 0 | R51: =IF(AND(B51=1,N51>'Line Follower'!$C$7,SUM(C51:K51)<4),1,0) -> 0 | S51: =IF(AND(L51=1,N51<'Line Follower'!$C$6,SUM(C51:K51)<4),1,0) -> 0 | T51: =IF(ISNA(N51),NA(),IF(SUM(C51:L51)=0,1,0)) -> 0 | U51: =IF(ISNA(N51),NA(),IF(SUM(B51:K51)=0,1,0)) -> 0 | V51: =IF(ISNA(N51),NA(),IF(SUM(B51:L51)=0,1,0)) -> 0
B52: 1 | C52: 0 | D52: 0 | E52: 0 | F52: 1 | G52: 1 | H52: 0 | I52: 0 | J52: 0 | K52: 0 | L52: 0 | M52: 0 | N52: {=IF(OR(ISNUMBER(FIND(Aux!$D$3:$D$9,_xlfn.TEXTJOIN(,,C52:K52)))),NA(),IF(AND(SUM(C52:F52,H52:K52)=0,G52=1),0,INT((SUMPRODUCT(C52:F52,COLUMN($A$1:$D$1)-1)+SUMPRODUCT(H52:K52,COLUMN($E$1:$H$1)-1))*'Line Follower'!$C$3/SUM(C52:F52,H52:K52)-'Line Follower'!$C$5)))} -> -1 | O52: 1 | P52: =IF(AND(N52=0,G52=1,M52=1),1,0) -> 0 | Q52: =IF(ISERROR(N52),N52,IF(SUM(C52:K52)>=4,1,0)) -> 0 | R52: =IF(AND(B52=1,N52>'Line Follower'!$C$7,SUM(C52:K52)<4),1,0) -> 1 | S52: =IF(AND(L52=1,N52<'Line Follower'!$C$6,SUM(C52:K52)<4),1,0) -> 0 | T52: =IF(ISNA(N52),NA(),IF(SUM(C52:L52)=0,1,0)) -> 0 | U52: =IF(ISNA(N52),NA(),IF(SUM(B52:K52)=0,1,0)) -> 0 | V52: =IF(ISNA(N52),NA(),IF(SUM(B52:L52)=0,1,0)) -> 0
B53: 0 | C53: 1 | D53: 0 | E53: 0 | F53: 1 | G53: 1 | H53: 0 | I53: 0 | J53: 0 | K53: 0 | L53: 0 | M53: 0 | N53: {=IF(OR(ISNUMBER(FIND(Aux!$D$3:$D$9,_xlfn.TEXTJOIN(,,C53:K53)))),NA(),IF(AND(SUM(C53:F53,H53:K53)=0,G53=1),0,INT((SUMPRODUCT(C53:F53,COLUMN($A$1:$D$1)-1)+SUMPRODUCT(H53:K53,COLUMN($E$1:$H$1)-1))*'Line Follower'!$C$3/SUM(C53:F53,H53:K53)-'Line Follower'!$C$5)))} -> #N/A | O53: #N/A | P53: =IF(AND(N53=0,G53=1,M53=1),1,0) -> #N/A | Q53: =IF(ISERROR(N53),N53,IF(SUM(C53:K53)>=4,1,0)) -> #N/A | R53: =IF(AND(B53=1,N53>'Line Follower'!$C$7,SUM(C53:K53)<4),1,0) -> #N/A | S53: =IF(AND(L53=1,N53<'Line Follower'!$C$6,SUM(C53:K53)<4),1,0) -> #N/A | T53: =IF(ISNA(N53),NA(),IF(SUM(C53:L53)=0,1,0)) -> #N/A | U53: =IF(ISNA(N53),NA(),IF(SUM(B53:K53)=0,1,0)) -> #N/A | V53: =IF(ISNA(N53),NA(),IF(SUM(B53:L53)=0,1,0)) -> #N/A
B54: 1 | C54: 1 | D54: 0 | E54: 0 | F54: 1 | G54: 1 | H54: 0 | I54: 0 | J54: 0 | K54: 0 | L54: 0 | M54: 0 | N54: {=IF(OR(ISNUMBER(FIND(Aux!$D$3:$D$9,_xlfn.TEXTJOIN(,,C54:K54)))),NA(),IF(AND(SUM(C54:F54,H54:K54)=0,G54=1),0,INT((SUMPRODUCT(C54:F54,COLUMN($A$1:$D$1)-1)+SUMPRODUCT(H54:K54,COLUMN($E$1:$H$1)-1))*'Line Follower'!$C$3/SUM(C54:F54,H54:K54)-'Line Follower'!$C$5)))} -> #N/A | O54: #N/A | P54: =IF(AND(N54=0,G54=1,M54=1),1,0) -> #N/A | Q54: =IF(ISERROR(N54),N54,IF(SUM(C54:K54)>=4,1,0)) -> #N/A | R54: =IF(AND(B54=1,N54>'Line Follower'!$C$7,SUM(C54:K54)<4),1,0) -> #N/A | S54: =IF(AND(L54=1,N54<'Line Follower'!$C$6,SUM(C54:K54)<4),1,0) -> #N/A | T54: =IF(ISNA(N54),NA(),IF(SUM(C54:L54)=0,1,0)) -> #N/A | U54: =IF(ISNA(N54),NA(),IF(SUM(B54:K54)=0,1,0)) -> #N/A | V54: =IF(ISNA(N54),NA(),IF(SUM(B54:L54)=0,1,0)) -> #N/A
B55: 0 | C55: 0 | D55: 1 | E55: 0 | F55: 1 | G55: 1 | H55: 0 | I55: 0 | J55: 0 | K55: 0 | L55: 0 | M55: 0 | N55: {=IF(OR(ISNUMBER(FIND(Aux!$D$3:$D$9,_xlfn.TEXTJOIN(,,C55:K55)))),NA(),IF(AND(SUM(C55:F55,H55:K55)=0,G55=1),0,INT((SUMPRODUCT(C55:F55,COLUMN($A$1:$D$1)-1)+SUMPRODUCT(H55:K55,COLUMN($E$1:$H$1)-1))*'Line Follower'!$C$3/SUM(C55:F55,H55:K55)-'Line Follower'!$C$5)))} -> #N/A | O55: #N/A | P55: =IF(AND(N55=0,G55=1,M55=1),1,0) -> #N/A | Q55: =IF(ISERROR(N55),N55,IF(SUM(C55:K55)>=4,1,0)) -> #N/A | R55: =IF(AND(B55=1,N55>'Line Follower'!$C$7,SUM(C55:K55)<4),1,0) -> #N/A | S55: =IF(AND(L55=1,N55<'Line Follower'!$C$6,SUM(C55:K55)<4),1,0) -> #N/A | T55: =IF(ISNA(N55),NA(),IF(SUM(C55:L55)=0,1,0)) -> #N/A | U55: =IF(ISNA(N55),NA(),IF(SUM(B55:K55)=0,1,0)) -> #N/A | V55: =IF(ISNA(N55),NA(),IF(SUM(B55:L55)=0,1,0)) -> #N/A
B56: 1 | C56: 0 | D56: 1 | E56: 0 | F56: 1 | G56: 1 | H56: 0 | I56: 0 | J56: 0 | K56: 0 | L56: 0 | M56: 0 | N56: {=IF(OR(ISNUMBER(FIND(Aux!$D$3:$D$9,_xlfn.TEXTJOIN(,,C56:K56)))),NA(),IF(AND(SUM(C56:F56,H56:K56)=0,G56=1),0,INT((SUMPRODUCT(C56:F56,COLUMN($A$1:$D$1)-1)+SUMPRODUCT(H56:K56,COLUMN($E$1:$H$1)-1))*'Line Follower'!$C$3/SUM(C56:F56,H56:K56)-'Line Follower'!$C$5)))} -> #N/A | O56: #N/A | P56: =IF(AND(N56=0,G56=1,M56=1),1,0) -> #N/A | Q56: =IF(ISERROR(N56),N56,IF(SUM(C56:K56)>=4,1,0)) -> #N/A | R56: =IF(AND(B56=1,N56>'Line Follower'!$C$7,SUM(C56:K56)<4),1,0) -> #N/A | S56: =IF(AND(L56=1,N56<'Line Follower'!$C$6,SUM(C56:K56)<4),1,0) -> #N/A | T56: =IF(ISNA(N56),NA(),IF(SUM(C56:L56)=0,1,0)) -> #N/A | U56: =IF(ISNA(N56),NA(),IF(SUM(B56:K56)=0,1,0)) -> #N/A | V56: =IF(ISNA(N56),NA(),IF(SUM(B56:L56)=0,1,0)) -> #N/A
B57: 0 | C57: 1 | D57: 1 | E57: 0 | F57: 1 | G57: 1 | H57: 0 | I57: 0 | J57: 0 | K57: 0 | L57: 0 | M57: 0 | N57: {=IF(OR(ISNUMBER(FIND(Aux!$D$3:$D$9,_xlfn.TEXTJOIN(,,C57:K57)))),NA(),IF(AND(SUM(C57:F57,H57:K57)=0,G57=1),0,INT((SUMPRODUCT(C57:F57,COLUMN($A$1:$D$1)-1)+SUMPRODUCT(H57:K57,COLUMN($E$1:$H$1)-1))*'Line Follower'!$C$3/SUM(C57:F57,H57:K57)-'Line Follower'!$C$5)))} -> #N/A | O57: #N/A | P57: =IF(AND(N57=0,G57=1,M57=1),1,0) -> #N/A | Q57: =IF(ISERROR(N57),N57,IF(SUM(C57:K57)>=4,1,0)) -> #N/A | R57: =IF(AND(B57=1,N57>'Line Follower'!$C$7,SUM(C57:K57)<4),1,0) -> #N/A | S57: =IF(AND(L57=1,N57<'Line Follower'!$C$6,SUM(C57:K57)<4),1,0) -> #N/A | T57: =IF(ISNA(N57),NA(),IF(SUM(C57:L57)=0,1,0)) -> #N/A | U57: =IF(ISNA(N57),NA(),IF(SUM(B57:K57)=0,1,0)) -> #N/A | V57: =IF(ISNA(N57),NA(),IF(SUM(B57:L57)=0,1,0)) -> #N/A
B58: 1 | C58: 1 | D58: 1 | E58: 0 | F58: 1 | G58: 1 | H58: 0 | I58: 0 | J58: 0 | K58: 0 | L58: 0 | M58: 0 | N58: {=IF(OR(ISNUMBER(FIND(Aux!$D$3:$D$9,_xlfn.TEXTJOIN(,,C58:K58)))),NA(),IF(AND(SUM(C58:F58,H58:K58)=0,G58=1),0,INT((SUMPRODUCT(C58:F58,COLUMN($A$1:$D$1)-1)+SUMPRODUCT(H58:K58,COLUMN($E$1:$H$1)-1))*'Line Follower'!$C$3/SUM(C58:F58,H58:K58)-'Line Follower'!$C$5)))} -> #N/A | O58: #N/A | P58: =IF(AND(N58=0,G58=1,M58=1),1,0) -> #N/A | Q58: =IF(ISERROR(N58),N58,IF(SUM(C58:K58)>=4,1,0)) -> #N/A | R58: =IF(AND(B58=1,N58>'Line Follower'!$C$7,SUM(C58:K58)<4),1,0) -> #N/A | S58: =IF(AND(L58=1,N58<'Line Follower'!$C$6,SUM(C58:K58)<4),1,0) -> #N/A | T58: =IF(ISNA(N58),NA(),IF(SUM(C58:L58)=0,1,0)) -> #N/A | U58: =IF(ISNA(N58),NA(),IF(SUM(B58:K58)=0,1,0)) -> #N/A | V58: =IF(ISNA(N58),NA(),IF(SUM(B58:L58)=0,1,0)) -> #N/A
B59: 0 | C59: 0 | D59: 0 | E59: 1 | F59: 1 | G59: 1 | H59: 0 | I59: 0 | J59: 0 | K59: 0 | L59: 0 | M59: 0 | N59: {=IF(OR(ISNUMBER(FIND(Aux!$D$3:$D$9,_xlfn.TEXTJOIN(,,C59:K59)))),NA(),IF(AND(SUM(C59:F59,H59:K59)=0,G59=1),0,INT((SUMPRODUCT(C59:F59,COLUMN($A$1:$D$1)-1)+SUMPRODUCT(H59:K59,COLUMN($E$1:$H$1)-1))*'Line Follower'!$C$3/SUM(C59:F59,H59:K59)-'Line Follower'!$C$5)))} -> -2 | O59: 1 | P59: =IF(AND(N59=0,G59=1,M59=1),1,0) -> 0 | Q59: =IF(ISERROR(N59),N59,IF(SUM(C59:K59)>=4,1,0)) -> 0 | R59: =IF(AND(B59=1,N59>'Line Follower'!$C$7,SUM(C59:K59)<4),1,0) -> 0 | S59: =IF(AND(L59=1,N59<'Line Follower'!$C$6,SUM(C59:K59)<4),1,0) -> 0 | T59: =IF(ISNA(N59),NA(),IF(SUM(C59:L59)=0,1,0)) -> 0 | U59: =IF(ISNA(N59),NA(),IF(SUM(B59:K59)=0,1,0)) -> 0 | V59: =IF(ISNA(N59),NA(),IF(SUM(B59:L59)=0,1,0)) -> 0
B60: 1 | C60: 0 | D60: 0 | E60: 1 | F60: 1 | G60: 1 | H60: 0 | I60: 0 | J60: 0 | K60: 0 | L60: 0 | M60: 0 | N60: {=IF(OR(ISNUMBER(FIND(Aux!$D$3:$D$9,_xlfn.TEXTJOIN(,,C60:K60)))),NA(),IF(AND(SUM(C60:F60,H60:K60)=0,G60=1),0,INT((SUMPRODUCT(C60:F60,COLUMN($A$1:$D$1)-1)+SUMPRODUCT(H60:K60,COLUMN($E$1:$H$1)-1))*'Line Follower'!$C$3/SUM(C60:F60,H60:K60)-'Line Follower'!$C$5)))} -> -2 | O60: 1 | P60: =IF(AND(N60=0,G60=1,M60=1),1,0) -> 0 | Q60: =IF(ISERROR(N60),N60,IF(SUM(C60:K60)>=4,1,0)) -> 0 | R60: =IF(AND(B60=1,N60>'Line Follower'!$C$7,SUM(C60:K60)<4),1,0) -> 1 | S60: =IF(AND(L60=1,N60<'Line Follower'!$C$6,SUM(C60:K60)<4),1,0) -> 0 | T60: =IF(ISNA(N60),NA(),IF(SUM(C60:L60)=0,1,0)) -> 0 | U60: =IF(ISNA(N60),NA(),IF(SUM(B60:K60)=0,1,0)) -> 0 | V60: =IF(ISNA(N60),NA(),IF(SUM(B60:L60)=0,1,0)) -> 0
B61: 0 | C61: 1 | D61: 0 | E61: 1 | F61: 1 | G61: 1 | H61: 0 | I61: 0 | J61: 0 | K61: 0 | L61: 0 | M61: 0 | N61: {=IF(OR(ISNUMBER(FIND(Aux!$D$3:$D$9,_xlfn.TEXTJOIN(,,C61:K61)))),NA(),IF(AND(SUM(C61:F61,H61:K61)=0,G61=1),0,INT((SUMPRODUCT(C61:F61,COLUMN($A$1:$D$1)-1)+SUMPRODUCT(H61:K61,COLUMN($E$1:$H$1)-1))*'Line Follower'!$C$3/SUM(C61:F61,H61:K61)-'Line Follower'!$C$5)))} -> #N/A | O61: #N/A | P61: =IF(AND(N61=0,G61=1,M61=1),1,0) -> #N/A | Q61: =IF(ISERROR(N61),N61,IF(SUM(C61:K61)>=4,1,0)) -> #N/A | R61: =IF(AND(B61=1,N61>'Line Follower'!$C$7,SUM(C61:K61)<4),1,0) -> #N/A | S61: =IF(AND(L61=1,N61<'Line Follower'!$C$6,SUM(C61:K61)<4),1,0) -> #N/A | T61: =IF(ISNA(N61),NA(),IF(SUM(C61:L61)=0,1,0)) -> #N/A | U61: =IF(ISNA(N61),NA(),IF(SUM(B61:K61)=0,1,0)) -> #N/A | V61: =IF(ISNA(N61),NA(),IF(SUM(B61:L61)=0,1,0)) -> #N/A
B62: 1 | C62: 1 | D62: 0 | E62: 1 | F62: 1 | G62: 1 | H62: 0 | I62: 0 | J62: 0 | K62: 0 | L62: 0 | M62: 0 | N62: {=IF(OR(ISNUMBER(FIND(Aux!$D$3:$D$9,_xlfn.TEXTJOIN(,,C62:K62)))),NA(),IF(AND(SUM(C62:F62,H62:K62)=0,G62=1),0,INT((SUMPRODUCT(C62:F62,COLUMN($A$1:$D$1)-1)+SUMPRODUCT(H62:K62,COLUMN($E$1:$H$1)-1))*'Line Follower'!$C$3/SUM(C62:F62,H62:K62)-'Line Follower'!$C$5)))} -> #N/A | O62: #N/A | P62: =IF(AND(N62=0,G62=1,M62=1),1,0) -> #N/A | Q62: =IF(ISERROR(N62),N62,IF(SUM(C62:K62)>=4,1,0)) -> #N/A | R62: =IF(AND(B62=1,N62>'Line Follower'!$C$7,SUM(C62:K62)<4),1,0) -> #N/A | S62: =IF(AND(L62=1,N62<'Line Follower'!$C$6,SUM(C62:K62)<4),1,0) -> #N/A | T62: =IF(ISNA(N62),NA(),IF(SUM(C62:L62)=0,1,0)) -> #N/A | U62: =IF(ISNA(N62),NA(),IF(SUM(B62:K62)=0,1,0)) -> #N/A | V62: =IF(ISNA(N62),NA(),IF(SUM(B62:L62)=0,1,0)) -> #N/A
B63: 0 | C63: 0 | D63: 1 | E63: 1 | F63: 1 | G63: 1 | H63: 0 | I63: 0 | J63: 0 | K63: 0 | L63: 0 | M63: 0 | N63: {=IF(OR(ISNUMBER(FIND(Aux!$D$3:$D$9,_xlfn.TEXTJOIN(,,C63:K63)))),NA(),IF(AND(SUM(C63:F63,H63:K63)=0,G63=1),0,INT((SUMPRODUCT(C63:F63,COLUMN($A$1:$D$1)-1)+SUMPRODUCT(H63:K63,COLUMN($E$1:$H$1)-1))*'Line Follower'!$C$3/SUM(C63:F63,H63:K63)-'Line Follower'!$C$5)))} -> -3 | O63: 1 | P63: =IF(AND(N63=0,G63=1,M63=1),1,0) -> 0 | Q63: =IF(ISERROR(N63),N63,IF(SUM(C63:K63)>=4,1,0)) -> 1 | R63: =IF(AND(B63=1,N63>'Line Follower'!$C$7,SUM(C63:K63)<4),1,0) -> 0 | S63: =IF(AND(L63=1,N63<'Line Follower'!$C$6,SUM(C63:K63)<4),1,0) -> 0 | T63: =IF(ISNA(N63),NA(),IF(SUM(C63:L63)=0,1,0)) -> 0 | U63: =IF(ISNA(N63),NA(),IF(SUM(B63:K63)=0,1,0)) -> 0 | V63: =IF(ISNA(N63),NA(),IF(SUM(B63:L63)=0,1,0)) -> 0
B64: 1 | C64: 0 | D64: 1 | E64: 1 | F64: 1 | G64: 1 | H64: 0 | I64: 0 | J64: 0 | K64: 0 | L64: 0 | M64: 0 | N64: {=IF(OR(ISNUMBER(FIND(Aux!$D$3:$D$9,_xlfn.TEXTJOIN(,,C64:K64)))),NA(),IF(AND(SUM(C64:F64,H64:K64)=0,G64=1),0,INT((SUMPRODUCT(C64:F64,COLUMN($A$1:$D$1)-1)+SUMPRODUCT(H64:K64,COLUMN($E$1:$H$1)-1))*'Line Follower'!$C$3/SUM(C64:F64,H64:K64)-'Line Follower'!$C$5)))} -> -3 | O64: 1 | P64: =IF(AND(N64=0,G64=1,M64=1),1,0) -> 0 | Q64: =IF(ISERROR(N64),N64,IF(SUM(C64:K64)>=4,1,0)) -> 1 | R64: =IF(AND(B64=1,N64>'Line Follower'!$C$7,SUM(C64:K64)<4),1,0) -> 0 | S64: =IF(AND(L64=1,N64<'Line Follower'!$C$6,SUM(C64:K64)<4),1,0) -> 0 | T64: =IF(ISNA(N64),NA(),IF(SUM(C64:L64)=0,1,0)) -> 0 | U64: =IF(ISNA(N64),NA(),IF(SUM(B64:K64)=0,1,0)) -> 0 | V64: =IF(ISNA(N64),NA(),IF(SUM(B64:L64)=0,1,0)) -> 0
B65: 0 | C65: 1 | D65: 1 | E65: 1 | F65: 1 | G65: 1 | H65: 0 | I65: 0 | J65: 0 | K65: 0 | L65: 0 | M65: 0 | N65: {=IF(OR(ISNUMBER(FIND(Aux!$D$3:$D$9,_xlfn.TEXTJOIN(,,C65:K65)))),NA(),IF(AND(SUM(C65:F65,H65:K65)=0,G65=1),0,INT((SUMPRODUCT(C65:F65,COLUMN($A$1:$D$1)-1)+SUMPRODUCT(H65:K65,COLUMN($E$1:$H$1)-1))*'Line Follower'!$C$3/SUM(C65:F65,H65:K65)-'Line Follower'!$C$5)))} -> -4 | O65: 1 | P65: =IF(AND(N65=0,G65=1,M65=1),1,0) -> 0 | Q65: =IF(ISERROR(N65),N65,IF(SUM(C65:K65)>=4,1,0)) -> 1 | R65: =IF(AND(B65=1,N65>'Line Follower'!$C$7,SUM(C65:K65)<4),1,0) -> 0 | S65: =IF(AND(L65=1,N65<'Line Follower'!$C$6,SUM(C65:K65)<4),1,0) -> 0 | T65: =IF(ISNA(N65),NA(),IF(SUM(C65:L65)=0,1,0)) -> 0 | U65: =IF(ISNA(N65),NA(),IF(SUM(B65:K65)=0,1,0)) -> 0 | V65: =IF(ISNA(N65),NA(),IF(SUM(B65:L65)=0,1,0)) -> 0
B66: 1 | C66: 1 | D66: 1 | E66: 1 | F66: 1 | G66: 1 | H66: 0 | I66: 0 | J66: 0 | K66: 0 | L66: 0 | M66: 0 | N66: {=IF(OR(ISNUMBER(FIND(Aux!$D$3:$D$9,_xlfn.TEXTJOIN(,,C66:K66)))),NA(),IF(AND(SUM(C66:F66,H66:K66)=0,G66=1),0,INT((SUMPRODUCT(C66:F66,COLUMN($A$1:$D$1)-1)+SUMPRODUCT(H66:K66,COLUMN($E$1:$H$1)-1))*'Line Follower'!$C$3/SUM(C66:F66,H66:K66)-'Line Follower'!$C$5)))} -> -4 | O66: 1 | P66: =IF(AND(N66=0,G66=1,M66=1),1,0) -> 0 | Q66: =IF(ISERROR(N66),N66,IF(SUM(C66:K66)>=4,1,0)) -> 1 | R66: =IF(AND(B66=1,N66>'Line Follower'!$C$7,SUM(C66:K66)<4),1,0) -> 0 | S66: =IF(AND(L66=1,N66<'Line Follower'!$C$6,SUM(C66:K66)<4),1,0) -> 0 | T66: =IF(ISNA(N66),NA(),IF(SUM(C66:L66)=0,1,0)) -> 0 | U66: =IF(ISNA(N66),NA(),IF(SUM(B66:K66)=0,1,0)) -> 0 | V66: =IF(ISNA(N66),NA(),IF(SUM(B66:L66)=0,1,0)) -> 0
B67: 0 | C67: 0 | D67: 0 | E67: 0 | F67: 0 | G67: 0 | H67: 1 | I67: 0 | J67: 0 | K67: 0 | L67: 0 | M67: 0 | N67: {=IF(OR(ISNUMBER(FIND(Aux!$D$3:$D$9,_xlfn.TEXTJOIN(,,C67:K67)))),NA(),IF(AND(SUM(C67:F67,H67:K67)=0,G67=1),0,INT((SUMPRODUCT(C67:F67,COLUMN($A$1:$D$1)-1)+SUMPRODUCT(H67:K67,COLUMN($E$1:$H$1)-1))*'Line Follower'!$C$3/SUM(C67:F67,H67:K67)-'Line Follower'!$C$5)))} -> 1 | O67: 1 | P67: =IF(AND(N67=0,G67=1,M67=1),1,0) -> 0 | Q67: =IF(ISERROR(N67),N67,IF(SUM(C67:K67)>=4,1,0)) -> 0 | R67: =IF(AND(B67=1,N67>'Line Follower'!$C$7,SUM(C67:K67)<4),1,0) -> 0 | S67: =IF(AND(L67=1,N67<'Line Follower'!$C$6,SUM(C67:K67)<4),1,0) -> 0 | T67: =IF(ISNA(N67),NA(),IF(SUM(C67:L67)=0,1,0)) -> 0 | U67: =IF(ISNA(N67),NA(),IF(SUM(B67:K67)=0,1,0)) -> 0 | V67: =IF(ISNA(N67),NA(),IF(SUM(B67:L67)=0,1,0)) -> 0
B68: 1 | C68: 0 | D68: 0 | E68: 0 | F68: 0 | G68: 0 | H68: 1 | I68: 0 | J68: 0 | K68: 0 | L68: 0 | M68: 0 | N68: {=IF(OR(ISNUMBER(FIND(Aux!$D$3:$D$9,_xlfn.TEXTJOIN(,,C68:K68)))),NA(),IF(AND(SUM(C68:F68,H68:K68)=0,G68=1),0,INT((SUMPRODUCT(C68:F68,COLUMN($A$1:$D$1)-1)+SUMPRODUCT(H68:K68,COLUMN($E$1:$H$1)-1))*'Line Follower'!$C$3/SUM(C68:F68,H68:K68)-'Line Follower'!$C$5)))} -> 1 | O68: 1 | P68: =IF(AND(N68=0,G68=1,M68=1),1,0) -> 0 | Q68: =IF(ISERROR(N68),N68,IF(SUM(C68:K68)>=4,1,0)) -> 0 | R68: =IF(AND(B68=1,N68>'Line Follower'!$C$7,SUM(C68:K68)<4),1,0) -> 1 | S68: =IF(AND(L68=1,N68<'Line Follower'!$C$6,SUM(C68:K68)<4),1,0) -> 0 | T68: =IF(ISNA(N68),NA(),IF(SUM(C68:L68)=0,1,0)) -> 0 | U68: =IF(ISNA(N68),NA(),IF(SUM(B68:K68)=0,1,0)) -> 0 | V68: =IF(ISNA(N68),NA(),IF(SUM(B68:L68)=0,1,0)) -> 0
B69: 0 | C69: 1 | D69: 0 | E69: 0 | F69: 0 | G69: 0 | H69: 1 | I69: 0 | J69: 0 | K69: 0 | L69: 0 | M69: 0 | N69: {=IF(OR(ISNUMBER(FIND(Aux!$D$3:$D$9,_xlfn.TEXTJOIN(,,C69:K69)))),NA(),IF(AND(SUM(C69:F69,H69:K69)=0,G69=1),0,INT((SUMPRODUCT(C69:F69,COLUMN($A$1:$D$1)-1)+SUMPRODUCT(H69:K69,COLUMN($E$1:$H$1)-1))*'Line Follower'!$C$3/SUM(C69:F69,H69:K69)-'Line Follower'!$C$5)))} -> #N/A | O69: #N/A | P69: =IF(AND(N69=0,G69=1,M69=1),1,0) -> #N/A | Q69: =IF(ISERROR(N69),N69,IF(SUM(C69:K69)>=4,1,0)) -> #N/A | R69: =IF(AND(B69=1,N69>'Line Follower'!$C$7,SUM(C69:K69)<4),1,0) -> #N/A | S69: =IF(AND(L69=1,N69<'Line Follower'!$C$6,SUM(C69:K69)<4),1,0) -> #N/A | T69: =IF(ISNA(N69),NA(),IF(SUM(C69:L69)=0,1,0)) -> #N/A | U69: =IF(ISNA(N69),NA(),IF(SUM(B69:K69)=0,1,0)) -> #N/A | V69: =IF(ISNA(N69),NA(),IF(SUM(B69:L69)=0,1,0)) -> #N/A
B70: 1 | C70: 1 | D70: 0 | E70: 0 | F70: 0 | G70: 0 | H70: 1 | I70: 0 | J70: 0 | K70: 0 | L70: 0 | M70: 0 | N70: {=IF(OR(ISNUMBER(FIND(Aux!$D$3:$D$9,_xlfn.TEXTJOIN(,,C70:K70)))),NA(),IF(AND(SUM(C70:F70,H70:K70)=0,G70=1),0,INT((SUMPRODUCT(C70:F70,COLUMN($A$1:$D$1)-1)+SUMPRODUCT(H70:K70,COLUMN($E$1:$H$1)-1))*'Line Follower'!$C$3/SUM(C70:F70,H70:K70)-'Line Follower'!$C$5)))} -> #N/A | O70: #N/A | P70: =IF(AND(N70=0,G70=1,M70=1),1,0) -> #N/A | Q70: =IF(ISERROR(N70),N70,IF(SUM(C70:K70)>=4,1,0)) -> #N/A | R70: =IF(AND(B70=1,N70>'Line Follower'!$C$7,SUM(C70:K70)<4),1,0) -> #N/A | S70: =IF(AND(L70=1,N70<'Line Follower'!$C$6,SUM(C70:K70)<4),1,0) -> #N/A | T70: =IF(ISNA(N70),NA(),IF(SUM(C70:L70)=0,1,0)) -> #N/A | U70: =IF(ISNA(N70),NA(),IF(SUM(B70:K70)=0,1,0)) -> #N/A | V70: =IF(ISNA(N70),NA(),IF(SUM(B70:L70)=0,1,0)) -> #N/A
B71: 0 | C71: 0 | D71: 1 | E71: 0 | F71: 0 | G71: 0 | H71: 1 | I71: 0 | J71: 0 | K71: 0 | L71: 0 | M71: 0 | N71: {=IF(OR(ISNUMBER(FIND(Aux!$D$3:$D$9,_xlfn.TEXTJOIN(,,C71:K71)))),NA(),IF(AND(SUM(C71:F71,H71:K71)=0,G71=1),0,INT((SUMPRODUCT(C71:F71,COLUMN($A$1:$D$1)-1)+SUMPRODUCT(H71:K71,COLUMN($E$1:$H$1)-1))*'Line Follower'!$C$3/SUM(C71:F71,H71:K71)-'Line Follower'!$C$5)))} -> #N/A | O71: #N/A | P71: =IF(AND(N71=0,G71=1,M71=1),1,0) -> #N/A | Q71: =IF(ISERROR(N71),N71,IF(SUM(C71:K71)>=4,1,0)) -> #N/A | R71: =IF(AND(B71=1,N71>'Line Follower'!$C$7,SUM(C71:K71)<4),1,0) -> #N/A | S71: =IF(AND(L71=1,N71<'Line Follower'!$C$6,SUM(C71:K71)<4),1,0) -> #N/A | T71: =IF(ISNA(N71),NA(),IF(SUM(C71:L71)=0,1,0)) -> #N/A | U71: =IF(ISNA(N71),NA(),IF(SUM(B71:K71)=0,1,0)) -> #N/A | V71: =IF(ISNA(N71),NA(),IF(SUM(B71:L71)=0,1,0)) -> #N/A
B72: 1 | C72: 0 | D72: 1 | E72: 0 | F72: 0 | G72: 0 | H72: 1 | I72: 0 | J72: 0 | K72: 0 | L72: 0 | M72: 0 | N72: {=IF(OR(ISNUMBER(FIND(Aux!$D$3:$D$9,_xlfn.TEXTJOIN(,,C72:K72)))),NA(),IF(AND(SUM(C72:F72,H72:K72)=0,G72=1),0,INT((SUMPRODUCT(C72:F72,COLUMN($A$1:$D$1)-1)+SUMPRODUCT(H72:K72,COLUMN($E$1:$H$1)-1))*'Line Follower'!$C$3/SUM(C72:F72,H72:K72)-'Line Follower'!$C$5)))} -> #N/A | O72: #N/A | P72: =IF(AND(N72=0,G72=1,M72=1),1,0) -> #N/A | Q72: =IF(ISERROR(N72),N72,IF(SUM(C72:K72)>=4,1,0)) -> #N/A | R72: =IF(AND(B72=1,N72>'Line Follower'!$C$7,SUM(C72:K72)<4),1,0) -> #N/A | S72: =IF(AND(L72=1,N72<'Line Follower'!$C$6,SUM(C72:K72)<4),1,0) -> #N/A | T72: =IF(ISNA(N72),NA(),IF(SUM(C72:L72)=0,1,0)) -> #N/A | U72: =IF(ISNA(N72),NA(),IF(SUM(B72:K72)=0,1,0)) -> #N/A | V72: =IF(ISNA(N72),NA(),IF(SUM(B72:L72)=0,1,0)) -> #N/A
B73: 0 | C73: 1 | D73: 1 | E73: 0 | F73: 0 | G73: 0 | H73: 1 | I73: 0 | J73: 0 | K73: 0 | L73: 0 | M73: 0 | N73: {=IF(OR(ISNUMBER(FIND(Aux!$D$3:$D$9,_xlfn.TEXTJOIN(,,C73:K73)))),NA(),IF(AND(SUM(C73:F73,H73:K73)=0,G73=1),0,INT((SUMPRODUCT(C73:F73,COLUMN($A$1:$D$1)-1)+SUMPRODUCT(H73:K73,COLUMN($E$1:$H$1)-1))*'Line Follower'!$C$3/SUM(C73:F73,H73:K73)-'Line Follower'!$C$5)))} -> #N/A | O73: #N/A | P73: =IF(AND(N73=0,G73=1,M73=1),1,0) -> #N/A | Q73: =IF(ISERROR(N73),N73,IF(SUM(C73:K73)>=4,1,0)) -> #N/A | R73: =IF(AND(B73=1,N73>'Line Follower'!$C$7,SUM(C73:K73)<4),1,0) -> #N/A | S73: =IF(AND(L73=1,N73<'Line Follower'!$C$6,SUM(C73:K73)<4),1,0) -> #N/A | T73: =IF(ISNA(N73),NA(),IF(SUM(C73:L73)=0,1,0)) -> #N/A | U73: =IF(ISNA(N73),NA(),IF(SUM(B73:K73)=0,1,0)) -> #N/A | V73: =IF(ISNA(N73),NA(),IF(SUM(B73:L73)=0,1,0)) -> #N/A
B74: 1 | C74: 1 | D74: 1 | E74: 0 | F74: 0 | G74: 0 | H74: 1 | I74: 0 | J74: 0 | K74: 0 | L74: 0 | M74: 0 | N74: {=IF(OR(ISNUMBER(FIND(Aux!$D$3:$D$9,_xlfn.TEXTJOIN(,,C74:K74)))),NA(),IF(AND(SUM(C74:F74,H74:K74)=0,G74=1),0,INT((SUMPRODUCT(C74:F74,COLUMN($A$1:$D$1)-1)+SUMPRODUCT(H74:K74,COLUMN($E$1:$H$1)-1))*'Line Follower'!$C$3/SUM(C74:F74,H74:K74)-'Line Follower'!$C$5)))} -> #N/A | O74: #N/A | P74: =IF(AND(N74=0,G74=1,M74=1),1,0) -> #N/A | Q74: =IF(ISERROR(N74),N74,IF(SUM(C74:K74)>=4,1,0)) -> #N/A | R74: =IF(AND(B74=1,N74>'Line Follower'!$C$7,SUM(C74:K74)<4),1,0) -> #N/A | S74: =IF(AND(L74=1,N74<'Line Follower'!$C$6,SUM(C74:K74)<4),1,0) -> #N/A | T74: =IF(ISNA(N74),NA(),IF(SUM(C74:L74)=0,1,0)) -> #N/A | U74: =IF(ISNA(N74),NA(),IF(SUM(B74:K74)=0,1,0)) -> #N/A | V74: =IF(ISNA(N74),NA(),IF(SUM(B74:L74)=0,1,0)) -> #N/A
B75: 0 | C75: 0 | D75: 0 | E75: 1 | F75: 0 | G75: 0 | H75: 1 | I75: 0 | J75: 0 | K75: 0 | L75: 0 | M75: 0 | N75: {=IF(OR(ISNUMBER(FIND(Aux!$D$3:$D$9,_xlfn.TEXTJOIN(,,C75:K75)))),NA(),IF(AND(SUM(C75:F75,H75:K75)=0,G75=1),0,INT((SUMPRODUCT(C75:F75,COLUMN($A$1:$D$1)-1)+SUMPRODUCT(H75:K75,COLUMN($E$1:$H$1)-1))*'Line Follower'!$C$3/SUM(C75:F75,H75:K75)-'Line Follower'!$C$5)))} -> #N/A | O75: #N/A | P75: =IF(AND(N75=0,G75=1,M75=1),1,0) -> #N/A | Q75: =IF(ISERROR(N75),N75,IF(SUM(C75:K75)>=4,1,0)) -> #N/A | R75: =IF(AND(B75=1,N75>'Line Follower'!$C$7,SUM(C75:K75)<4),1,0) -> #N/A | S75: =IF(AND(L75=1,N75<'Line Follower'!$C$6,SUM(C75:K75)<4),1,0) -> #N/A | T75: =IF(ISNA(N75),NA(),IF(SUM(C75:L75)=0,1,0)) -> #N/A | U75: =IF(ISNA(N75),NA(),IF(SUM(B75:K75)=0,1,0)) -> #N/A | V75: =IF(ISNA(N75),NA(),IF(SUM(B75:L75)=0,1,0)) -> #N/A
B76: 1 | C76: 0 | D76: 0 | E76: 1 | F76: 0 | G76: 0 | H76: 1 | I76: 0 | J76: 0 | K76: 0 | L76: 0 | M76: 0 | N76: {=IF(OR(ISNUMBER(FIND(Aux!$D$3:$D$9,_xlfn.TEXTJOIN(,,C76:K76)))),NA(),IF(AND(SUM(C76:F76,H76:K76)=0,G76=1),0,INT((SUMPRODUCT(C76:F76,COLUMN($A$1:$D$1)-1)+SUMPRODUCT(H76:K76,COLUMN($E$1:$H$1)-1))*'Line Follower'!$C$3/SUM(C76:F76,H76:K76)-'Line Follower'!$C$5)))} -> #N/A | O76: #N/A | P76: =IF(AND(N76=0,G76=1,M76=1),1,0) -> #N/A | Q76: =IF(ISERROR(N76),N76,IF(SUM(C76:K76)>=4,1,0)) -> #N/A | R76: =IF(AND(B76=1,N76>'Line Follower'!$C$7,SUM(C76:K76)<4),1,0) -> #N/A | S76: =IF(AND(L76=1,N76<'Line Follower'!$C$6,SUM(C76:K76)<4),1,0) -> #N/A | T76: =IF(ISNA(N76),NA(),IF(SUM(C76:L76)=0,1,0)) -> #N/A | U76: =IF(ISNA(N76),NA(),IF(SUM(B76:K76)=0,1,0)) -> #N/A | V76: =IF(ISNA(N76),NA(),IF(SUM(B76:L76)=0,1,0)) -> #N/A
B77: 0 | C77: 1 | D77: 0 | E77: 1 | F77: 0 | G77: 0 | H77: 1 | I77: 0 | J77: 0 | K77: 0 | L77: 0 | M77: 0 | N77: {=IF(OR(ISNUMBER(FIND(Aux!$D$3:$D$9,_xlfn.TEXTJOIN(,,C77:K77)))),NA(),IF(AND(SUM(C77:F77,H77:K77)=0,G77=1),0,INT((SUMPRODUCT(C77:F77,COLUMN($A$1:$D$1)-1)+SUMPRODUCT(H77:K77,COLUMN($E$1:$H$1)-1))*'Line Follower'!$C$3/SUM(C77:F77,H77:K77)-'Line Follower'!$C$5)))} -> #N/A | O77: #N/A | P77: =IF(AND(N77=0,G77=1,M77=1),1,0) -> #N/A | Q77: =IF(ISERROR(N77),N77,IF(SUM(C77:K77)>=4,1,0)) -> #N/A | R77: =IF(AND(B77=1,N77>'Line Follower'!$C$7,SUM(C77:K77)<4),1,0) -> #N/A | S77: =IF(AND(L77=1,N77<'Line Follower'!$C$6,SUM(C77:K77)<4),1,0) -> #N/A | T77: =IF(ISNA(N77),NA(),IF(SUM(C77:L77)=0,1,0)) -> #N/A | U77: =IF(ISNA(N77),NA(),IF(SUM(B77:K77)=0,1,0)) -> #N/A | V77: =IF(ISNA(N77),NA(),IF(SUM(B77:L77)=0,1,0)) -> #N/A
B78: 1 | C78: 1 | D78: 0 | E78: 1 | F78: 0 | G78: 0 | H78: 1 | I78: 0 | J78: 0 | K78: 0 | L78: 0 | M78: 0 | N78: {=IF(OR(ISNUMBER(FIND(Aux!$D$3:$D$9,_xlfn.TEXTJOIN(,,C78:K78)))),NA(),IF(AND(SUM(C78:F78,H78:K78)=0,G78=1),0,INT((SUMPRODUCT(C78:F78,COLUMN($A$1:$D$1)-1)+SUMPRODUCT(H78:K78,COLUMN($E$1:$H$1)-1))*'Line Follower'!$C$3/SUM(C78:F78,H78:K78)-'Line Follower'!$C$5)))} -> #N/A | O78: #N/A | P78: =IF(AND(N78=0,G78=1,M78=1),1,0) -> #N/A | Q78: =IF(ISERROR(N78),N78,IF(SUM(C78:K78)>=4,1,0)) -> #N/A | R78: =IF(AND(B78=1,N78>'Line Follower'!$C$7,SUM(C78:K78)<4),1,0) -> #N/A | S78: =IF(AND(L78=1,N78<'Line Follower'!$C$6,SUM(C78:K78)<4),1,0) -> #N/A | T78: =IF(ISNA(N78),NA(),IF(SUM(C78:L78)=0,1,0)) -> #N/A | U78: =IF(ISNA(N78),NA(),IF(SUM(B78:K78)=0,1,0)) -> #N/A | V78: =IF(ISNA(N78),NA(),IF(SUM(B78:L78)=0,1,0)) -> #N/A
B79: 0 | C79: 0 | D79: 1 | E79: 1 | F79: 0 | G79: 0 | H79: 1 | I79: 0 | J79: 0 | K79: 0 | L79: 0 | M79: 0 | N79: {=IF(OR(ISNUMBER(FIND(Aux!$D$3:$D$9,_xlfn.TEXTJOIN(,,C79:K79)))),NA(),IF(AND(SUM(C79:F79,H79:K79)=0,G79=1),0,INT((SUMPRODUCT(C79:F79,COLUMN($A$1:$D$1)-1)+SUMPRODUCT(H79:K79,COLUMN($E$1:$H$1)-1))*'Line Follower'!$C$3/SUM(C79:F79,H79:K79)-'Line Follower'!$C$5)))} -> #N/A | O79: #N/A | P79: =IF(AND(N79=0,G79=1,M79=1),1,0) -> #N/A | Q79: =IF(ISERROR(N79),N79,IF(SUM(C79:K79)>=4,1,0)) -> #N/A | R79: =IF(AND(B79=1,N79>'Line Follower'!$C$7,SUM(C79:K79)<4),1,0) -> #N/A | S79: =IF(AND(L79=1,N79<'Line Follower'!$C$6,SUM(C79:K79)<4),1,0) -> #N/A | T79: =IF(ISNA(N79),NA(),IF(SUM(C79:L79)=0,1,0)) -> #N/A | U79: =IF(ISNA(N79),NA(),IF(SUM(B79:K79)=0,1,0)) -> #N/A | V79: =IF(ISNA(N79),NA(),IF(SUM(B79:L79)=0,1,0)) -> #N/A
B80: 1 | C80: 0 | D80: 1 | E80: 1 | F80: 0 | G80: 0 | H80: 1 | I80: 0 | J80: 0 | K80: 0 | L80: 0 | M80: 0 | N80: {=IF(OR(ISNUMBER(FIND(Aux!$D$3:$D$9,_xlfn.TEXTJOIN(,,C80:K80)))),NA(),IF(AND(SUM(C80:F80,H80:K80)=0,G80=1),0,INT((SUMPRODUCT(C80:F80,COLUMN($A$1:$D$1)-1)+SUMPRODUCT(H80:K80,COLUMN($E$1:$H$1)-1))*'Line Follower'!$C$3/SUM(C80:F80,H80:K80)-'Line Follower'!$C$5)))} -> #N/A | O80: #N/A | P80: =IF(AND(N80=0,G80=1,M80=1),1,0) -> #N/A | Q80: =IF(ISERROR(N80),N80,IF(SUM(C80:K80)>=4,1,0)) -> #N/A | R80: =IF(AND(B80=1,N80>'Line Follower'!$C$7,SUM(C80:K80)<4),1,0) -> #N/A | S80: =IF(AND(L80=1,N80<'Line Follower'!$C$6,SUM(C80:K80)<4),1,0) -> #N/A | T80: =IF(ISNA(N80),NA(),IF(SUM(C80:L80)=0,1,0)) -> #N/A | U80: =IF(ISNA(N80),NA(),IF(SUM(B80:K80)=0,1,0)) -> #N/A | V80: =IF(ISNA(N80),NA(),IF(SUM(B80:L80)=0,1,0)) -> #N/A
... B98: 1 | C98: 1 | D98: 1 | E98: 1 | F98: 1 | G98: 0 | H98: 1 | I98: 0 | J98: 0 | K98: 0 | L98: 0 | M98: 0 | N98: {=IF(OR(ISNUMBER(FIND(Aux!$D$3:$D$9,_xlfn.TEXTJOIN(,,C98:K98)))),NA(),IF(AND(SUM(C98:F98,H98:K98)=0,G98=1),0,INT((SUMPRODUCT(C98:F98,COLUMN($A$1:$D$1)-1)+SUMPRODUCT(H98:K98,COLUMN($E$1:$H$1)-1))*'Line Follower'!$C$3/SUM(C98:F98,H98:K98)-'Line Follower'!$C$5)))} -> #N/A | O98: #N/A | P98: =IF(AND(N98=0,G98=1,M98=1),1,0) -> #N/A | Q98: =IF(ISERROR(N98),N98,IF(SUM(C98:K98)>=4,1,0)) -> #N/A | R98: =IF(AND(B98=1,N98>'Line Follower'!$C$7,SUM(C98:K98)<4),1,0) -> #N/A | S98: =IF(AND(L98=1,N98<'Line Follower'!$C$6,SUM(C98:K98)<4),1,0) -> #N/A | T98: =IF(ISNA(N98),NA(),IF(SUM(C98:L98)=0,1,0)) -> #N/A | U98: =IF(ISNA(N98),NA(),IF(SUM(B98:K98)=0,1,0)) -> #N/A | V98: =IF(ISNA(N98),NA(),IF(SUM(B98:L98)=0,1,0)) -> #N/A
B99: 0 | C99: 0 | D99: 0 | E99: 0 | F99: 0 | G99: 1 | H99: 1 | I99: 0 | J99: 0 | K99: 0 | L99: 0 | M99: 0 | N99: {=IF(OR(ISNUMBER(FIND(Aux!$D$3:$D$9,_xlfn.TEXTJOIN(,,C99:K99)))),NA(),IF(AND(SUM(C99:F99,H99:K99)=0,G99=1),0,INT((SUMPRODUCT(C99:F99,COLUMN($A$1:$D$1)-1)+SUMPRODUCT(H99:K99,COLUMN($E$1:$H$1)-1))*'Line Follower'!$C$3/SUM(C99:F99,H99:K99)-'Line Follower'!$C$5)))} -> 1 | O99: 1 | P99: =IF(AND(N99=0,G99=1,M99=1),1,0) -> 0 | Q99: =IF(ISERROR(N99),N99,IF(SUM(C99:K99)>=4,1,0)) -> 0 | R99: =IF(AND(B99=1,N99>'Line Follower'!$C$7,SUM(C99:K99)<4),1,0) -> 0 | S99: =IF(AND(L99=1,N99<'Line Follower'!$C$6,SUM(C99:K99)<4),1,0) -> 0 | T99: =IF(ISNA(N99),NA(),IF(SUM(C99:L99)=0,1,0)) -> 0 | U99: =IF(ISNA(N99),NA(),IF(SUM(B99:K99)=0,1,0)) -> 0 | V99: =IF(ISNA(N99),NA(),IF(SUM(B99:L99)=0,1,0)) -> 0
B100: 1 | C100: 0 | D100: 0 | E100: 0 | F100: 0 | G100: 1 | H100: 1 | I100: 0 | J100: 0 | K100: 0 | L100: 0 | M100: 0 | N100: {=IF(OR(ISNUMBER(FIND(Aux!$D$3:$D$9,_xlfn.TEXTJOIN(,,C100:K100)))),NA(),IF(AND(SUM(C100:F100,H100:K100)=0,G100=1),0,INT((SUMPRODUCT(C100:F100,COLUMN($A$1:$D$1)-1)+SUMPRODUCT(H100:K100,COLUMN($E$1:$H$1)-1))*'Line Follower'!$C$3/SUM(C100:F100,H100:K100)-'Line Follower'!$C$5)))} -> 1 | O100: 1 | P100: =IF(AND(N100=0,G100=1,M100=1),1,0) -> 0 | Q100: =IF(ISERROR(N100),N100,IF(SUM(C100:K100)>=4,1,0)) -> 0 | R100: =IF(AND(B100=1,N100>'Line Follower'!$C$7,SUM(C100:K100)<4),1,0) -> 1 | S100: =IF(AND(L100=1,N100<'Line Follower'!$C$6,SUM(C100:K100)<4),1,0) -> 0 | T100: =IF(ISNA(N100),NA(),IF(SUM(C100:L100)=0,1,0)) -> 0 | U100: =IF(ISNA(N100),NA(),IF(SUM(B100:K100)=0,1,0)) -> 0 | V100: =IF(ISNA(N100),NA(),IF(SUM(B100:L100)=0,1,0)) -> 0
B101: 0 | C101: 1 | D101: 0 | E101: 0 | F101: 0 | G101: 1 | H101: 1 | I101: 0 | J101: 0 | K101: 0 | L101: 0 | M101: 0 | N101: {=IF(OR(ISNUMBER(FIND(Aux!$D$3:$D$9,_xlfn.TEXTJOIN(,,C101:K101)))),NA(),IF(AND(SUM(C101:F101,H101:K101)=0,G101=1),0,INT((SUMPRODUCT(C101:F101,COLUMN($A$1:$D$1)-1)+SUMPRODUCT(H101:K101,COLUMN($E$1:$H$1)-1))*'Line Follower'!$C$3/SUM(C101:F101,H101:K101)-'Line Follower'!$C$5)))} -> #N/A | O101: #N/A | P101: =IF(AND(N101=0,G101=1,M101=1),1,0) -> #N/A | Q101: =IF(ISERROR(N101),N101,IF(SUM(C101:K101)>=4,1,0)) -> #N/A | R101: =IF(AND(B101=1,N101>'Line Follower'!$C$7,SUM(C101:K101)<4),1,0) -> #N/A | S101: =IF(AND(L101=1,N101<'Line Follower'!$C$6,SUM(C101:K101)<4),1,0) -> #N/A | T101: =IF(ISNA(N101),NA(),IF(SUM(C101:L101)=0,1,0)) -> #N/A | U101: =IF(ISNA(N101),NA(),IF(SUM(B101:K101)=0,1,0)) -> #N/A | V101: =IF(ISNA(N101),NA(),IF(SUM(B101:L101)=0,1,0)) -> #N/A
B102: 1 | C102: 1 | D102: 0 | E102: 0 | F102: 0 | G102: 1 | H102: 1 | I102: 0 | J102: 0 | K102: 0 | L102: 0 | M102: 0 | N102: {=IF(OR(ISNUMBER(FIND(Aux!$D$3:$D$9,_xlfn.TEXTJOIN(,,C102:K102)))),NA(),IF(AND(SUM(C102:F102,H102:K102)=0,G102=1),0,INT((SUMPRODUCT(C102:F102,COLUMN($A$1:$D$1)-1)+SUMPRODUCT(H102:K102,COLUMN($E$1:$H$1)-1))*'Line Follower'!$C$3/SUM(C102:F102,H102:K102)-'Line Follower'!$C$5)))} -> #N/A | O102: #N/A | P102: =IF(AND(N102=0,G102=1,M102=1),1,0) -> #N/A | Q102: =IF(ISERROR(N102),N102,IF(SUM(C102:K102)>=4,1,0)) -> #N/A | R102: =IF(AND(B102=1,N102>'Line Follower'!$C$7,SUM(C102:K102)<4),1,0) -> #N/A | S102: =IF(AND(L102=1,N102<'Line Follower'!$C$6,SUM(C102:K102)<4),1,0) -> #N/A | T102: =IF(ISNA(N102),NA(),IF(SUM(C102:L102)=0,1,0)) -> #N/A | U102: =IF(ISNA(N102),NA(),IF(SUM(B102:K102)=0,1,0)) -> #N/A | V102: =IF(ISNA(N102),NA(),IF(SUM(B102:L102)=0,1,0)) -> #N/A
B103: 0 | C103: 0 | D103: 1 | E103: 0 | F103: 0 | G103: 1 | H103: 1 | I103: 0 | J103: 0 | K103: 0 | L103: 0 | M103: 0 | N103: {=IF(OR(ISNUMBER(FIND(Aux!$D$3:$D$9,_xlfn.TEXTJOIN(,,C103:K103)))),NA(),IF(AND(SUM(C103:F103,H103:K103)=0,G103=1),0,INT((SUMPRODUCT(C103:F103,COLUMN($A$1:$D$1)-1)+SUMPRODUCT(H103:K103,COLUMN($E$1:$H$1)-1))*'Line Follower'!$C$3/SUM(C103:F103,H103:K103)-'Line Follower'!$C$5)))} -> #N/A | O103: #N/A | P103: =IF(AND(N103=0,G103=1,M103=1),1,0) -> #N/A | Q103: =IF(ISERROR(N103),N103,IF(SUM(C103:K103)>=4,1,0)) -> #N/A | R103: =IF(AND(B103=1,N103>'Line Follower'!$C$7,SUM(C103:K103)<4),1,0) -> #N/A | S103: =IF(AND(L103=1,N103<'Line Follower'!$C$6,SUM(C103:K103)<4),1,0) -> #N/A | T103: =IF(ISNA(N103),NA(),IF(SUM(C103:L103)=0,1,0)) -> #N/A | U103: =IF(ISNA(N103),NA(),IF(SUM(B103:K103)=0,1,0)) -> #N/A | V103: =IF(ISNA(N103),NA(),IF(SUM(B103:L103)=0,1,0)) -> #N/A
B104: 1 | C104: 0 | D104: 1 | E104: 0 | F104: 0 | G104: 1 | H104: 1 | I104: 0 | J104: 0 | K104: 0 | L104: 0 | M104: 0 | N104: {=IF(OR(ISNUMBER(FIND(Aux!$D$3:$D$9,_xlfn.TEXTJOIN(,,C104:K104)))),NA(),IF(AND(SUM(C104:F104,H104:K104)=0,G104=1),0,INT((SUMPRODUCT(C104:F104,COLUMN($A$1:$D$1)-1)+SUMPRODUCT(H104:K104,COLUMN($E$1:$H$1)-1))*'Line Follower'!$C$3/SUM(C104:F104,H104:K104)-'Line Follower'!$C$5)))} -> #N/A | O104: #N/A | P104: =IF(AND(N104=0,G104=1,M104=1),1,0) -> #N/A | Q104: =IF(ISERROR(N104),N104,IF(SUM(C104:K104)>=4,1,0)) -> #N/A | R104: =IF(AND(B104=1,N104>'Line Follower'!$C$7,SUM(C104:K104)<4),1,0) -> #N/A | S104: =IF(AND(L104=1,N104<'Line Follower'!$C$6,SUM(C104:K104)<4),1,0) -> #N/A | T104: =IF(ISNA(N104),NA(),IF(SUM(C104:L104)=0,1,0)) -> #N/A | U104: =IF(ISNA(N104),NA(),IF(SUM(B104:K104)=0,1,0)) -> #N/A | V104: =IF(ISNA(N104),NA(),IF(SUM(B104:L104)=0,1,0)) -> #N/A
B105: 0 | C105: 1 | D105: 1 | E105: 0 | F105: 0 | G105: 1 | H105: 1 | I105: 0 | J105: 0 | K105: 0 | L105: 0 | M105: 0 | N105: {=IF(OR(ISNUMBER(FIND(Aux!$D$3:$D$9,_xlfn.TEXTJOIN(,,C105:K105)))),NA(),IF(AND(SUM(C105:F105,H105:K105)=0,G105=1),0,INT((SUMPRODUCT(C105:F105,COLUMN($A$1:$D$1)-1)+SUMPRODUCT(H105:K105,COLUMN($E$1:$H$1)-1))*'Line Follower'!$C$3/SUM(C105:F105,H105:K105)-'Line Follower'!$C$5)))} -> #N/A | O105: #N/A | P105: =IF(AND(N105=0,G105=1,M105=1),1,0) -> #N/A | Q105: =IF(ISERROR(N105),N105,IF(SUM(C105:K105)>=4,1,0)) -> #N/A | R105: =IF(AND(B105=1,N105>'Line Follower'!$C$7,SUM(C105:K105)<4),1,0) -> #N/A | S105: =IF(AND(L105=1,N105<'Line Follower'!$C$6,SUM(C105:K105)<4),1,0) -> #N/A | T105: =IF(ISNA(N105),NA(),IF(SUM(C105:L105)=0,1,0)) -> #N/A | U105: =IF(ISNA(N105),NA(),IF(SUM(B105:K105)=0,1,0)) -> #N/A | V105: =IF(ISNA(N105),NA(),IF(SUM(B105:L105)=0,1,0)) -> #N/A
B106: 1 | C106: 1 | D106: 1 | E106: 0 | F106: 0 | G106: 1 | H106: 1 | I106: 0 | J106: 0 | K106: 0 | L106: 0 | M106: 0 | N106: {=IF(OR(ISNUMBER(FIND(Aux!$D$3:$D$9,_xlfn.TEXTJOIN(,,C106:K106)))),NA(),IF(AND(SUM(C106:F106,H106:K106)=0,G106=1),0,INT((SUMPRODUCT(C106:F106,COLUMN($A$1:$D$1)-1)+SUMPRODUCT(H106:K106,COLUMN($E$1:$H$1)-1))*'Line Follower'!$C$3/SUM(C106:F106,H106:K106)-'Line Follower'!$C$5)))} -> #N/A | O106: #N/A | P106: =IF(AND(N106=0,G106=1,M106=1),1,0) -> #N/A | Q106: =IF(ISERROR(N106),N106,IF(SUM(C106:K106)>=4,1,0)) -> #N/A | R106: =IF(AND(B106=1,N106>'Line Follower'!$C$7,SUM(C106:K106)<4),1,0) -> #N/A | S106: =IF(AND(L106=1,N106<'Line Follower'!$C$6,SUM(C106:K106)<4),1,0) -> #N/A | T106: =IF(ISNA(N106),NA(),IF(SUM(C106:L106)=0,1,0)) -> #N/A | U106: =IF(ISNA(N106),NA(),IF(SUM(B106:K106)=0,1,0)) -> #N/A | V106: =IF(ISNA(N106),NA(),IF(SUM(B106:L106)=0,1,0)) -> #N/A
B107: 0 | C107: 0 | D107: 0 | E107: 1 | F107: 0 | G107: 1 | H107: 1 | I107: 0 | J107: 0 | K107: 0 | L107: 0 | M107: 0 | N107: {=IF(OR(ISNUMBER(FIND(Aux!$D$3:$D$9,_xlfn.TEXTJOIN(,,C107:K107)))),NA(),IF(AND(SUM(C107:F107,H107:K107)=0,G107=1),0,INT((SUMPRODUCT(C107:F107,COLUMN($A$1:$D$1)-1)+SUMPRODUCT(H107:K107,COLUMN($E$1:$H$1)-1))*'Line Follower'!$C$3/SUM(C107:F107,H107:K107)-'Line Follower'!$C$5)))} -> #N/A | O107: #N/A | P107: =IF(AND(N107=0,G107=1,M107=1),1,0) -> #N/A | Q107: =IF(ISERROR(N107),N107,IF(SUM(C107:K107)>=4,1,0)) -> #N/A | R107: =IF(AND(B107=1,N107>'Line Follower'!$C$7,SUM(C107:K107)<4),1,0) -> #N/A | S107: =IF(AND(L107=1,N107<'Line Follower'!$C$6,SUM(C107:K107)<4),1,0) -> #N/A | T107: =IF(ISNA(N107),NA(),IF(SUM(C107:L107)=0,1,0)) -> #N/A | U107: =IF(ISNA(N107),NA(),IF(SUM(B107:K107)=0,1,0)) -> #N/A | V107: =IF(ISNA(N107),NA(),IF(SUM(B107:L107)=0,1,0)) -> #N/A
B108: 1 | C108: 0 | D108: 0 | E108: 1 | F108: 0 | G108: 1 | H108: 1 | I108: 0 | J108: 0 | K108: 0 | L108: 0 | M108: 0 | N108: {=IF(OR(ISNUMBER(FIND(Aux!$D$3:$D$9,_xlfn.TEXTJOIN(,,C108:K108)))),NA(),IF(AND(SUM(C108:F108,H108:K108)=0,G108=1),0,INT((SUMPRODUCT(C108:F108,COLUMN($A$1:$D$1)-1)+SUMPRODUCT(H108:K108,COLUMN($E$1:$H$1)-1))*'Line Follower'!$C$3/SUM(C108:F108,H108:K108)-'Line Follower'!$C$5)))} -> #N/A | O108: #N/A | P108: =IF(AND(N108=0,G108=1,M108=1),1,0) -> #N/A | Q108: =IF(ISERROR(N108),N108,IF(SUM(C108:K108)>=4,1,0)) -> #N/A | R108: =IF(AND(B108=1,N108>'Line Follower'!$C$7,SUM(C108:K108)<4),1,0) -> #N/A | S108: =IF(AND(L108=1,N108<'Line Follower'!$C$6,SUM(C108:K108)<4),1,0) -> #N/A | T108: =IF(ISNA(N108),NA(),IF(SUM(C108:L108)=0,1,0)) -> #N/A | U108: =IF(ISNA(N108),NA(),IF(SUM(B108:K108)=0,1,0)) -> #N/A | V108: =IF(ISNA(N108),NA(),IF(SUM(B108:L108)=0,1,0)) -> #N/A
B109: 0 | C109: 1 | D109: 0 | E109: 1 | F109: 0 | G109: 1 | H109: 1 | I109: 0 | J109: 0 | K109: 0 | L109: 0 | M109: 0 | N109: {=IF(OR(ISNUMBER(FIND(Aux!$D$3:$D$9,_xlfn.TEXTJOIN(,,C109:K109)))),NA(),IF(AND(SUM(C109:F109,H109:K109)=0,G109=1),0,INT((SUMPRODUCT(C109:F109,COLUMN($A$1:$D$1)-1)+SUMPRODUCT(H109:K109,COLUMN($E$1:$H$1)-1))*'Line Follower'!$C$3/SUM(C109:F109,H109:K109)-'Line Follower'!$C$5)))} -> #N/A | O109: #N/A | P109: =IF(AND(N109=0,G109=1,M109=1),1,0) -> #N/A | Q109: =IF(ISERROR(N109),N109,IF(SUM(C109:K109)>=4,1,0)) -> #N/A | R109: =IF(AND(B109=1,N109>'Line Follower'!$C$7,SUM(C109:K109)<4),1,0) -> #N/A | S109: =IF(AND(L109=1,N109<'Line Follower'!$C$6,SUM(C109:K109)<4),1,0) -> #N/A | T109: =IF(ISNA(N109),NA(),IF(SUM(C109:L109)=0,1,0)) -> #N/A | U109: =IF(ISNA(N109),NA(),IF(SUM(B109:K109)=0,1,0)) -> #N/A | V109: =IF(ISNA(N109),NA(),IF(SUM(B109:L109)=0,1,0)) -> #N/A
B110: 1 | C110: 1 | D110: 0 | E110: 1 | F110: 0 | G110: 1 | H110: 1 | I110: 0 | J110: 0 | K110: 0 | L110: 0 | M110: 0 | N110: {=IF(OR(ISNUMBER(FIND(Aux!$D$3:$D$9,_xlfn.TEXTJOIN(,,C110:K110)))),NA(),IF(AND(SUM(C110:F110,H110:K110)=0,G110=1),0,INT((SUMPRODUCT(C110:F110,COLUMN($A$1:$D$1)-1)+SUMPRODUCT(H110:K110,COLUMN($E$1:$H$1)-1))*'Line Follower'!$C$3/SUM(C110:F110,H110:K110)-'Line Follower'!$C$5)))} -> #N/A | O110: #N/A | P110: =IF(AND(N110=0,G110=1,M110=1),1,0) -> #N/A | Q110: =IF(ISERROR(N110),N110,IF(SUM(C110:K110)>=4,1,0)) -> #N/A | R110: =IF(AND(B110=1,N110>'Line Follower'!$C$7,SUM(C110:K110)<4),1,0) -> #N/A | S110: =IF(AND(L110=1,N110<'Line Follower'!$C$6,SUM(C110:K110)<4),1,0) -> #N/A | T110: =IF(ISNA(N110),NA(),IF(SUM(C110:L110)=0,1,0)) -> #N/A | U110: =IF(ISNA(N110),NA(),IF(SUM(B110:K110)=0,1,0)) -> #N/A | V110: =IF(ISNA(N110),NA(),IF(SUM(B110:L110)=0,1,0)) -> #N/A
B111: 0 | C111: 0 | D111: 1 | E111: 1 | F111: 0 | G111: 1 | H111: 1 | I111: 0 | J111: 0 | K111: 0 | L111: 0 | M111: 0 | N111: {=IF(OR(ISNUMBER(FIND(Aux!$D$3:$D$9,_xlfn.TEXTJOIN(,,C111:K111)))),NA(),IF(AND(SUM(C111:F111,H111:K111)=0,G111=1),0,INT((SUMPRODUCT(C111:F111,COLUMN($A$1:$D$1)-1)+SUMPRODUCT(H111:K111,COLUMN($E$1:$H$1)-1))*'Line Follower'!$C$3/SUM(C111:F111,H111:K111)-'Line Follower'!$C$5)))} -> #N/A | O111: #N/A | P111: =IF(AND(N111=0,G111=1,M111=1),1,0) -> #N/A | Q111: =IF(ISERROR(N111),N111,IF(SUM(C111:K111)>=4,1,0)) -> #N/A | R111: =IF(AND(B111=1,N111>'Line Follower'!$C$7,SUM(C111:K111)<4),1,0) -> #N/A | S111: =IF(AND(L111=1,N111<'Line Follower'!$C$6,SUM(C111:K111)<4),1,0) -> #N/A | T111: =IF(ISNA(N111),NA(),IF(SUM(C111:L111)=0,1,0)) -> #N/A | U111: =IF(ISNA(N111),NA(),IF(SUM(B111:K111)=0,1,0)) -> #N/A | V111: =IF(ISNA(N111),NA(),IF(SUM(B111:L111)=0,1,0)) -> #N/A
B112: 1 | C112: 0 | D112: 1 | E112: 1 | F112: 0 | G112: 1 | H112: 1 | I112: 0 | J112: 0 | K112: 0 | L112: 0 | M112: 0 | N112: {=IF(OR(ISNUMBER(FIND(Aux!$D$3:$D$9,_xlfn.TEXTJOIN(,,C112:K112)))),NA(),IF(AND(SUM(C112:F112,H112:K112)=0,G112=1),0,INT((SUMPRODUCT(C112:F112,COLUMN($A$1:$D$1)-1)+SUMPRODUCT(H112:K112,COLUMN($E$1:$H$1)-1))*'Line Follower'!$C$3/SUM(C112:F112,H112:K112)-'Line Follower'!$C$5)))} -> #N/A | O112: #N/A | P112: =IF(AND(N112=0,G112=1,M112=1),1,0) -> #N/A | Q112: =IF(ISERROR(N112),N112,IF(SUM(C112:K112)>=4,1,0)) -> #N/A | R112: =IF(AND(B112=1,N112>'Line Follower'!$C$7,SUM(C112:K112)<4),1,0) -> #N/A | S112: =IF(AND(L112=1,N112<'Line Follower'!$C$6,SUM(C112:K112)<4),1,0) -> #N/A | T112: =IF(ISNA(N112),NA(),IF(SUM(C112:L112)=0,1,0)) -> #N/A | U112: =IF(ISNA(N112),NA(),IF(SUM(B112:K112)=0,1,0)) -> #N/A | V112: =IF(ISNA(N112),NA(),IF(SUM(B112:L112)=0,1,0)) -> #N/A
... B114: 1 | C114: 1 | D114: 1 | E114: 1 | F114: 0 | G114: 1 | H114: 1 | I114: 0 | J114: 0 | K114: 0 | L114: 0 | M114: 0 | N114: {=IF(OR(ISNUMBER(FIND(Aux!$D$3:$D$9,_xlfn.TEXTJOIN(,,C114:K114)))),NA(),IF(AND(SUM(C114:F114,H114:K114)=0,G114=1),0,INT((SUMPRODUCT(C114:F114,COLUMN($A$1:$D$1)-1)+SUMPRODUCT(H114:K114,COLUMN($E$1:$H$1)-1))*'Line Follower'!$C$3/SUM(C114:F114,H114:K114)-'Line Follower'!$C$5)))} -> #N/A | O114: #N/A | P114: =IF(AND(N114=0,G114=1,M114=1),1,0) -> #N/A | Q114: =IF(ISERROR(N114),N114,IF(SUM(C114:K114)>=4,1,0)) -> #N/A | R114: =IF(AND(B114=1,N114>'Line Follower'!$C$7,SUM(C114:K114)<4),1,0) -> #N/A | S114: =IF(AND(L114=1,N114<'Line Follower'!$C$6,SUM(C114:K114)<4),1,0) -> #N/A | T114: =IF(ISNA(N114),NA(),IF(SUM(C114:L114)=0,1,0)) -> #N/A | U114: =IF(ISNA(N114),NA(),IF(SUM(B114:K114)=0,1,0)) -> #N/A | V114: =IF(ISNA(N114),NA(),IF(SUM(B114:L114)=0,1,0)) -> #N/A
B115: 0 | C115: 0 | D115: 0 | E115: 0 | F115: 1 | G115: 1 | H115: 1 | I115: 0 | J115: 0 | K115: 0 | L115: 0 | M115: 0 | N115: {=IF(OR(ISNUMBER(FIND(Aux!$D$3:$D$9,_xlfn.TEXTJOIN(,,C115:K115)))),NA(),IF(AND(SUM(C115:F115,H115:K115)=0,G115=1),0,INT((SUMPRODUCT(C115:F115,COLUMN($A$1:$D$1)-1)+SUMPRODUCT(H115:K115,COLUMN($E$1:$H$1)-1))*'Line Follower'!$C$3/SUM(C115:F115,H115:K115)-'Line Follower'!$C$5)))} -> 0 | O115: 1 | P115: =IF(AND(N115=0,G115=1,M115=1),1,0) -> 0 | Q115: =IF(ISERROR(N115),N115,IF(SUM(C115:K115)>=4,1,0)) -> 0 | R115: =IF(AND(B115=1,N115>'Line Follower'!$C$7,SUM(C115:K115)<4),1,0) -> 0 | S115: =IF(AND(L115=1,N115<'Line Follower'!$C$6,SUM(C115:K115)<4),1,0) -> 0 | T115: =IF(ISNA(N115),NA(),IF(SUM(C115:L115)=0,1,0)) -> 0 | U115: =IF(ISNA(N115),NA(),IF(SUM(B115:K115)=0,1,0)) -> 0 | V115: =IF(ISNA(N115),NA(),IF(SUM(B115:L115)=0,1,0)) -> 0
B116: 1 | C116: 0 | D116: 0 | E116: 0 | F116: 1 | G116: 1 | H116: 1 | I116: 0 | J116: 0 | K116: 0 | L116: 0 | M116: 0 | N116: {=IF(OR(ISNUMBER(FIND(Aux!$D$3:$D$9,_xlfn.TEXTJOIN(,,C116:K116)))),NA(),IF(AND(SUM(C116:F116,H116:K116)=0,G116=1),0,INT((SUMPRODUCT(C116:F116,COLUMN($A$1:$D$1)-1)+SUMPRODUCT(H116:K116,COLUMN($E$1:$H$1)-1))*'Line Follower'!$C$3/SUM(C116:F116,H116:K116)-'Line Follower'!$C$5)))} -> 0 | O116: 1 | P116: =IF(AND(N116=0,G116=1,M116=1),1,0) -> 0 | Q116: =IF(ISERROR(N116),N116,IF(SUM(C116:K116)>=4,1,0)) -> 0 | R116: =IF(AND(B116=1,N116>'Line Follower'!$C$7,SUM(C116:K116)<4),1,0) -> 1 | S116: =IF(AND(L116=1,N116<'Line Follower'!$C$6,SUM(C116:K116)<4),1,0) -> 0 | T116: =IF(ISNA(N116),NA(),IF(SUM(C116:L116)=0,1,0)) -> 0 | U116: =IF(ISNA(N116),NA(),IF(SUM(B116:K116)=0,1,0)) -> 0 | V116: =IF(ISNA(N116),NA(),IF(SUM(B116:L116)=0,1,0)) -> 0
B117: 0 | C117: 1 | D117: 0 | E117: 0 | F117: 1 | G117: 1 | H117: 1 | I117: 0 | J117: 0 | K117: 0 | L117: 0 | M117: 0 | N117: {=IF(OR(ISNUMBER(FIND(Aux!$D$3:$D$9,_xlfn.TEXTJOIN(,,C117:K117)))),NA(),IF(AND(SUM(C117:F117,H117:K117)=0,G117=1),0,INT((SUMPRODUCT(C117:F117,COLUMN($A$1:$D$1)-1)+SUMPRODUCT(H117:K117,COLUMN($E$1:$H$1)-1))*'Line Follower'!$C$3/SUM(C117:F117,H117:K117)-'Line Follower'!$C$5)))} -> #N/A | O117: #N/A | P117: =IF(AND(N117=0,G117=1,M117=1),1,0) -> #N/A | Q117: =IF(ISERROR(N117),N117,IF(SUM(C117:K117)>=4,1,0)) -> #N/A | R117: =IF(AND(B117=1,N117>'Line Follower'!$C$7,SUM(C117:K117)<4),1,0) -> #N/A | S117: =IF(AND(L117=1,N117<'Line Follower'!$C$6,SUM(C117:K117)<4),1,0) -> #N/A | T117: =IF(ISNA(N117),NA(),IF(SUM(C117:L117)=0,1,0)) -> #N/A | U117: =IF(ISNA(N117),NA(),IF(SUM(B117:K117)=0,1,0)) -> #N/A | V117: =IF(ISNA(N117),NA(),IF(SUM(B117:L117)=0,1,0)) -> #N/A
B118: 1 | C118: 1 | D118: 0 | E118: 0 | F118: 1 | G118: 1 | H118: 1 | I118: 0 | J118: 0 | K118: 0 | L118: 0 | M118: 0 | N118: {=IF(OR(ISNUMBER(FIND(Aux!$D$3:$D$9,_xlfn.TEXTJOIN(,,C118:K118)))),NA(),IF(AND(SUM(C118:F118,H118:K118)=0,G118=1),0,INT((SUMPRODUCT(C118:F118,COLUMN($A$1:$D$1)-1)+SUMPRODUCT(H118:K118,COLUMN($E$1:$H$1)-1))*'Line Follower'!$C$3/SUM(C118:F118,H118:K118)-'Line Follower'!$C$5)))} -> #N/A | O118: #N/A | P118: =IF(AND(N118=0,G118=1,M118=1),1,0) -> #N/A | Q118: =IF(ISERROR(N118),N118,IF(SUM(C118:K118)>=4,1,0)) -> #N/A | R118: =IF(AND(B118=1,N118>'Line Follower'!$C$7,SUM(C118:K118)<4),1,0) -> #N/A | S118: =IF(AND(L118=1,N118<'Line Follower'!$C$6,SUM(C118:K118)<4),1,0) -> #N/A | T118: =IF(ISNA(N118),NA(),IF(SUM(C118:L118)=0,1,0)) -> #N/A | U118: =IF(ISNA(N118),NA(),IF(SUM(B118:K118)=0,1,0)) -> #N/A | V118: =IF(ISNA(N118),NA(),IF(SUM(B118:L118)=0,1,0)) -> #N/A
B119: 0 | C119: 0 | D119: 1 | E119: 0 | F119: 1 | G119: 1 | H119: 1 | I119: 0 | J119: 0 | K119: 0 | L119: 0 | M119: 0 | N119: {=IF(OR(ISNUMBER(FIND(Aux!$D$3:$D$9,_xlfn.TEXTJOIN(,,C119:K119)))),NA(),IF(AND(SUM(C119:F119,H119:K119)=0,G119=1),0,INT((SUMPRODUCT(C119:F119,COLUMN($A$1:$D$1)-1)+SUMPRODUCT(H119:K119,COLUMN($E$1:$H$1)-1))*'Line Follower'!$C$3/SUM(C119:F119,H119:K119)-'Line Follower'!$C$5)))} -> #N/A | O119: #N/A | P119: =IF(AND(N119=0,G119=1,M119=1),1,0) -> #N/A | Q119: =IF(ISERROR(N119),N119,IF(SUM(C119:K119)>=4,1,0)) -> #N/A | R119: =IF(AND(B119=1,N119>'Line Follower'!$C$7,SUM(C119:K119)<4),1,0) -> #N/A | S119: =IF(AND(L119=1,N119<'Line Follower'!$C$6,SUM(C119:K119)<4),1,0) -> #N/A | T119: =IF(ISNA(N119),NA(),IF(SUM(C119:L119)=0,1,0)) -> #N/A | U119: =IF(ISNA(N119),NA(),IF(SUM(B119:K119)=0,1,0)) -> #N/A | V119: =IF(ISNA(N119),NA(),IF(SUM(B119:L119)=0,1,0)) -> #N/A
B120: 1 | C120: 0 | D120: 1 | E120: 0 | F120: 1 | G120: 1 | H120: 1 | I120: 0 | J120: 0 | K120: 0 | L120: 0 | M120: 0 | N120: {=IF(OR(ISNUMBER(FIND(Aux!$D$3:$D$9,_xlfn.TEXTJOIN(,,C120:K120)))),NA(),IF(AND(SUM(C120:F120,H120:K120)=0,G120=1),0,INT((SUMPRODUCT(C120:F120,COLUMN($A$1:$D$1)-1)+SUMPRODUCT(H120:K120,COLUMN($E$1:$H$1)-1))*'Line Follower'!$C$3/SUM(C120:F120,H120:K120)-'Line Follower'!$C$5)))} -> #N/A | O120: #N/A | P120: =IF(AND(N120=0,G120=1,M120=1),1,0) -> #N/A | Q120: =IF(ISERROR(N120),N120,IF(SUM(C120:K120)>=4,1,0)) -> #N/A | R120: =IF(AND(B120=1,N120>'Line Follower'!$C$7,SUM(C120:K120)<4),1,0) -> #N/A | S120: =IF(AND(L120=1,N120<'Line Follower'!$C$6,SUM(C120:K120)<4),1,0) -> #N/A | T120: =IF(ISNA(N120),NA(),IF(SUM(C120:L120)=0,1,0)) -> #N/A | U120: =IF(ISNA(N120),NA(),IF(SUM(B120:K120)=0,1,0)) -> #N/A | V120: =IF(ISNA(N120),NA(),IF(SUM(B120:L120)=0,1,0)) -> #N/A
...

Sheet Track Observer
B2: Index | C2: Timestamp | D2: Left | E2: IR2 | F2: IR3 | G2: IR4 | H2: IR5 | I2: Center | J2: IR8 | K2: IR9 | L2: IR10 | M2: IR11 | N2: Right | O2: Middle | P2: Last Error | Q2: line | R2: straight | S2: crossing | T2: curve | U2: marker | V2: left | W2: right | X2: pitch | Y2: ANY
B3: 0 | C3: 0 | D3: 0 | E3: 0 | F3: 0 | G3: 0 | H3: 1 | I3: 1 | J3: 0 | K3: 0 | L3: 0 | M3: 0 | N3: 0 | O3: 1 | P3: 0 | Q3: {=IFERROR(_xlfn.XLOOKUP(_xlfn.TEXTJOIN(,,D3:O3),Aux!$B$3:$B$4098,'Truth Table'!$O$3:$S$4098)=1,FALSE)} -> TRUE | R3: FALSE | S3: FALSE | T3: FALSE | U3: FALSE | V3: =AND(_xlfn.XLOOKUP(_xlfn.TEXTJOIN(,,D3:O3),Aux!$B$3:$B$4098,'Truth Table'!$T$3:$T$4098)=1,P2<='Line Follower'!$C$7) -> FALSE | W3: =AND(_xlfn.XLOOKUP(_xlfn.TEXTJOIN(,,D3:O3),Aux!$B$3:$B$4098,'Truth Table'!$U$3:$U$4098)=1,P2>='Line Follower'!$C$6) -> FALSE | X3: =IFERROR(AND(_xlfn.XLOOKUP(_xlfn.TEXTJOIN(,,D3:O3),Aux!$B$3:$B$4098,'Truth Table'!$V$3:$V$4098)=1,ABS(P2)<='Line Follower'!$C$6),FALSE) -> FALSE | Y3: =OR(Q3:X3) -> TRUE
B4: 1 | C4: 0 | D4: 0 | E4: 0 | F4: 0 | G4: 0 | H4: 1 | I4: 1 | J4: 0 | K4: 0 | L4: 0 | M4: 0 | N4: 0 | O4: 1 | P4: =IFERROR(_xlfn.XLOOKUP(_xlfn.TEXTJOIN(,,D3:O3),Aux!$B$3:$B$4098,'Truth Table'!$N$3:$N$4098),P3) -> -1 | Q4: {=IFERROR(_xlfn.XLOOKUP(_xlfn.TEXTJOIN(,,D4:O4),Aux!$B$3:$B$4098,'Truth Table'!$O$3:$S$4098)=1,FALSE)} -> TRUE | R4: FALSE | S4: FALSE | T4: FALSE | U4: FALSE | V4: =AND(_xlfn.XLOOKUP(_xlfn.TEXTJOIN(,,D4:O4),Aux!$B$3:$B$4098,'Truth Table'!$T$3:$T$4098)=1,P3<='Line Follower'!$C$7) -> FALSE | W4: =AND(_xlfn.XLOOKUP(_xlfn.TEXTJOIN(,,D4:O4),Aux!$B$3:$B$4098,'Truth Table'!$U$3:$U$4098)=1,P3>='Line Follower'!$C$6) -> FALSE | X4: =IFERROR(AND(_xlfn.XLOOKUP(_xlfn.TEXTJOIN(,,D4:O4),Aux!$B$3:$B$4098,'Truth Table'!$V$3:$V$4098)=1,ABS(P3)<='Line Follower'!$C$6),FALSE) -> FALSE | Y4: =OR(Q4:X4) -> TRUE
B5: 2 | C5: 0 | D5: 0 | E5: 0 | F5: 0 | G5: 0 | H5: 1 | I5: 1 | J5: 0 | K5: 0 | L5: 0 | M5: 0 | N5: 0 | O5: 1 | P5: =IFERROR(_xlfn.XLOOKUP(_xlfn.TEXTJOIN(,,D4:O4),Aux!$B$3:$B$4098,'Truth Table'!$N$3:$N$4098),P4) -> -1 | Q5: {=IFERROR(_xlfn.XLOOKUP(_xlfn.TEXTJOIN(,,D5:O5),Aux!$B$3:$B$4098,'Truth Table'!$O$3:$S$4098)=1,FALSE)} -> TRUE | R5: FALSE | S5: FALSE | T5: FALSE | U5: FALSE | V5: =AND(_xlfn.XLOOKUP(_xlfn.TEXTJOIN(,,D5:O5),Aux!$B$3:$B$4098,'Truth Table'!$T$3:$T$4098)=1,P4<='Line Follower'!$C$7) -> FALSE | W5: =AND(_xlfn.XLOOKUP(_xlfn.TEXTJOIN(,,D5:O5),Aux!$B$3:$B$4098,'Truth Table'!$U$3:$U$4098)=1,P4>='Line Follower'!$C$6) -> FALSE | X5: =IFERROR(AND(_xlfn.XLOOKUP(_xlfn.TEXTJOIN(,,D5:O5),Aux!$B$3:$B$4098,'Truth Table'!$V$3:$V$4098)=1,ABS(P4)<='Line Follower'!$C$6),FALSE) -> FALSE | Y5: =OR(Q5:X5) -> TRUE
B6: 3 | C6: 0 | D6: 0 | E6: 0 | F6: 0 | G6: 0 | H6: 1 | I6: 1 | J6: 0 | K6: 0 | L6: 0 | M6: 0 | N6: 0 | O6: 1 | P6: =IFERROR(_xlfn.XLOOKUP(_xlfn.TEXTJOIN(,,D5:O5),Aux!$B$3:$B$4098,'Truth Table'!$N$3:$N$4098),P5) -> -1 | Q6: {=IFERROR(_xlfn.XLOOKUP(_xlfn.TEXTJOIN(,,D6:O6),Aux!$B$3:$B$4098,'Truth Table'!$O$3:$S$4098)=1,FALSE)} -> TRUE | R6: FALSE | S6: FALSE | T6: FALSE | U6: FALSE | V6: =AND(_xlfn.XLOOKUP(_xlfn.TEXTJOIN(,,D6:O6),Aux!$B$3:$B$4098,'Truth Table'!$T$3:$T$4098)=1,P5<='Line Follower'!$C$7) -> FALSE | W6: =AND(_xlfn.XLOOKUP(_xlfn.TEXTJOIN(,,D6:O6),Aux!$B$3:$B$4098,'Truth Table'!$U$3:$U$4098)=1,P5>='Line Follower'!$C$6) -> FALSE | X6: =IFERROR(AND(_xlfn.XLOOKUP(_xlfn.TEXTJOIN(,,D6:O6),Aux!$B$3:$B$4098,'Truth Table'!$V$3:$V$4098)=1,ABS(P5)<='Line Follower'!$C$6),FALSE) -> FALSE | Y6: =OR(Q6:X6) -> TRUE
B7: 4 | C7: 0 | D7: 0 | E7: 0 | F7: 0 | G7: 0 | H7: 1 | I7: 1 | J7: 0 | K7: 0 | L7: 0 | M7: 0 | N7: 0 | O7: 1 | P7: =IFERROR(_xlfn.XLOOKUP(_xlfn.TEXTJOIN(,,D6:O6),Aux!$B$3:$B$4098,'Truth Table'!$N$3:$N$4098),P6) -> -1 | Q7: {=IFERROR(_xlfn.XLOOKUP(_xlfn.TEXTJOIN(,,D7:O7),Aux!$B$3:$B$4098,'Truth Table'!$O$3:$S$4098)=1,FALSE)} -> TRUE | R7: FALSE | S7: FALSE | T7: FALSE | U7: FALSE | V7: =AND(_xlfn.XLOOKUP(_xlfn.TEXTJOIN(,,D7:O7),Aux!$B$3:$B$4098,'Truth Table'!$T$3:$T$4098)=1,P6<='Line Follower'!$C$7) -> FALSE | W7: =AND(_xlfn.XLOOKUP(_xlfn.TEXTJOIN(,,D7:O7),Aux!$B$3:$B$4098,'Truth Table'!$U$3:$U$4098)=1,P6>='Line Follower'!$C$6) -> FALSE | X7: =IFERROR(AND(_xlfn.XLOOKUP(_xlfn.TEXTJOIN(,,D7:O7),Aux!$B$3:$B$4098,'Truth Table'!$V$3:$V$4098)=1,ABS(P6)<='Line Follower'!$C$6),FALSE) -> FALSE | Y7: =OR(Q7:X7) -> TRUE
B8: 5 | C8: 0 | D8: 0 | E8: 0 | F8: 0 | G8: 0 | H8: 1 | I8: 1 | J8: 0 | K8: 0 | L8: 0 | M8: 0 | N8: 0 | O8: 1 | P8: =IFERROR(_xlfn.XLOOKUP(_xlfn.TEXTJOIN(,,D7:O7),Aux!$B$3:$B$4098,'Truth Table'!$N$3:$N$4098),P7) -> -1 | Q8: {=IFERROR(_xlfn.XLOOKUP(_xlfn.TEXTJOIN(,,D8:O8),Aux!$B$3:$B$4098,'Truth Table'!$O$3:$S$4098)=1,FALSE)} -> TRUE | R8: FALSE | S8: FALSE | T8: FALSE | U8: FALSE | V8: =AND(_xlfn.XLOOKUP(_xlfn.TEXTJOIN(,,D8:O8),Aux!$B$3:$B$4098,'Truth Table'!$T$3:$T$4098)=1,P7<='Line Follower'!$C$7) -> FALSE | W8: =AND(_xlfn.XLOOKUP(_xlfn.TEXTJOIN(,,D8:O8),Aux!$B$3:$B$4098,'Truth Table'!$U$3:$U$4098)=1,P7>='Line Follower'!$C$6) -> FALSE | X8: =IFERROR(AND(_xlfn.XLOOKUP(_xlfn.TEXTJOIN(,,D8:O8),Aux!$B$3:$B$4098,'Truth Table'!$V$3:$V$4098)=1,ABS(P7)<='Line Follower'!$C$6),FALSE) -> FALSE | Y8: =OR(Q8:X8) -> TRUE
B9: 6 | C9: 0 | D9: 0 | E9: 0 | F9: 0 | G9: 0 | H9: 1 | I9: 1 | J9: 0 | K9: 0 | L9: 0 | M9: 0 | N9: 0 | O9: 1 | P9: =IFERROR(_xlfn.XLOOKUP(_xlfn.TEXTJOIN(,,D8:O8),Aux!$B$3:$B$4098,'Truth Table'!$N$3:$N$4098),P8) -> -1 | Q9: {=IFERROR(_xlfn.XLOOKUP(_xlfn.TEXTJOIN(,,D9:O9),Aux!$B$3:$B$4098,'Truth Table'!$O$3:$S$4098)=1,FALSE)} -> TRUE | R9: FALSE | S9: FALSE | T9: FALSE | U9: FALSE | V9: =AND(_xlfn.XLOOKUP(_xlfn.TEXTJOIN(,,D9:O9),Aux!$B$3:$B$4098,'Truth Table'!$T$3:$T$4098)=1,P8<='Line Follower'!$C$7) -> FALSE | W9: =AND(_xlfn.XLOOKUP(_xlfn.TEXTJOIN(,,D9:O9),Aux!$B$3:$B$4098,'Truth Table'!$U$3:$U$4098)=1,P8>='Line Follower'!$C$6) -> FALSE | X9: =IFERROR(AND(_xlfn.XLOOKUP(_xlfn.TEXTJOIN(,,D9:O9),Aux!$B$3:$B$4098,'Truth Table'!$V$3:$V$4098)=1,ABS(P8)<='Line Follower'!$C$6),FALSE) -> FALSE | Y9: =OR(Q9:X9) -> TRUE
B10: 7 | C10: 0 | D10: 0 | E10: 0 | F10: 0 | G10: 0 | H10: 1 | I10: 1 | J10: 0 | K10: 0 | L10: 0 | M10: 0 | N10: 0 | O10: 1 | P10: =IFERROR(_xlfn.XLOOKUP(_xlfn.TEXTJOIN(,,D9:O9),Aux!$B$3:$B$4098,'Truth Table'!$N$3:$N$4098),P9) -> -1 | Q10: {=IFERROR(_xlfn.XLOOKUP(_xlfn.TEXTJOIN(,,D10:O10),Aux!$B$3:$B$4098,'Truth Table'!$O$3:$S$4098)=1,FALSE)} -> TRUE | R10: FALSE | S10: FALSE | T10: FALSE | U10: FALSE | V10: =AND(_xlfn.XLOOKUP(_xlfn.TEXTJOIN(,,D10:O10),Aux!$B$3:$B$4098,'Truth Table'!$T$3:$T$4098)=1,P9<='Line Follower'!$C$7) -> FALSE | W10: =AND(_xlfn.XLOOKUP(_xlfn.TEXTJOIN(,,D10:O10),Aux!$B$3:$B$4098,'Truth Table'!$U$3:$U$4098)=1,P9>='Line Follower'!$C$6) -> FALSE | X10: =IFERROR(AND(_xlfn.XLOOKUP(_xlfn.TEXTJOIN(,,D10:O10),Aux!$B$3:$B$4098,'Truth Table'!$V$3:$V$4098)=1,ABS(P9)<='Line Follower'!$C$6),FALSE) -> FALSE | Y10: =OR(Q10:X10) -> TRUE
B11: 8 | C11: 0 | D11: 0 | E11: 0 | F11: 0 | G11: 0 | H11: 1 | I11: 1 | J11: 0 | K11: 0 | L11: 0 | M11: 0 | N11: 0 | O11: 1 | P11: =IFERROR(_xlfn.XLOOKUP(_xlfn.TEXTJOIN(,,D10:O10),Aux!$B$3:$B$4098,'Truth Table'!$N$3:$N$4098),P10) -> -1 | Q11: {=IFERROR(_xlfn.XLOOKUP(_xlfn.TEXTJOIN(,,D11:O11),Aux!$B$3:$B$4098,'Truth Table'!$O$3:$S$4098)=1,FALSE)} -> TRUE | R11: FALSE | S11: FALSE | T11: FALSE | U11: FALSE | V11: =AND(_xlfn.XLOOKUP(_xlfn.TEXTJOIN(,,D11:O11),Aux!$B$3:$B$4098,'Truth Table'!$T$3:$T$4098)=1,P10<='Line Follower'!$C$7) -> FALSE | W11: =AND(_xlfn.XLOOKUP(_xlfn.TEXTJOIN(,,D11:O11),Aux!$B$3:$B$4098,'Truth Table'!$U$3:$U$4098)=1,P10>='Line Follower'!$C$6) -> FALSE | X11: =IFERROR(AND(_xlfn.XLOOKUP(_xlfn.TEXTJOIN(,,D11:O11),Aux!$B$3:$B$4098,'Truth Table'!$V$3:$V$4098)=1,ABS(P10)<='Line Follower'!$C$6),FALSE) -> FALSE | Y11: =OR(Q11:X11) -> TRUE
B12: 9 | C12: 0 | D12: 0 | E12: 0 | F12: 0 | G12: 0 | H12: 1 | I12: 1 | J12: 0 | K12: 0 | L12: 0 | M12: 0 | N12: 0 | O12: 1 | P12: =IFERROR(_xlfn.XLOOKUP(_xlfn.TEXTJOIN(,,D11:O11),Aux!$B$3:$B$4098,'Truth Table'!$N$3:$N$4098),P11) -> -1 | Q12: {=IFERROR(_xlfn.XLOOKUP(_xlfn.TEXTJOIN(,,D12:O12),Aux!$B$3:$B$4098,'Truth Table'!$O$3:$S$4098)=1,FALSE)} -> TRUE | R12: FALSE | S12: FALSE | T12: FALSE | U12: FALSE | V12: =AND(_xlfn.XLOOKUP(_xlfn.TEXTJOIN(,,D12:O12),Aux!$B$3:$B$4098,'Truth Table'!$T$3:$T$4098)=1,P11<='Line Follower'!$C$7) -> FALSE | W12: =AND(_xlfn.XLOOKUP(_xlfn.TEXTJOIN(,,D12:O12),Aux!$B$3:$B$4098,'Truth Table'!$U$3:$U$4098)=1,P11>='Line Follower'!$C$6) -> FALSE | X12: =IFERROR(AND(_xlfn.XLOOKUP(_xlfn.TEXTJOIN(,,D12:O12),Aux!$B$3:$B$4098,'Truth Table'!$V$3:$V$4098)=1,ABS(P11)<='Line Follower'!$C$6),FALSE) -> FALSE | Y12: =OR(Q12:X12) -> TRUE
B13: 10 | C13: 0 | D13: 0 | E13: 0 | F13: 0 | G13: 0 | H13: 1 | I13: 1 | J13: 0 | K13: 0 | L13: 0 | M13: 0 | N13: 0 | O13: 1 | P13: =IFERROR(_xlfn.XLOOKUP(_xlfn.TEXTJOIN(,,D12:O12),Aux!$B$3:$B$4098,'Truth Table'!$N$3:$N$4098),P12) -> -1 | Q13: {=IFERROR(_xlfn.XLOOKUP(_xlfn.TEXTJOIN(,,D13:O13),Aux!$B$3:$B$4098,'Truth Table'!$O$3:$S$4098)=1,FALSE)} -> TRUE | R13: FALSE | S13: FALSE | T13: FALSE | U13: FALSE | V13: =AND(_xlfn.XLOOKUP(_xlfn.TEXTJOIN(,,D13:O13),Aux!$B$3:$B$4098,'Truth Table'!$T$3:$T$4098)=1,P12<='Line Follower'!$C$7) -> FALSE | W13: =AND(_xlfn.XLOOKUP(_xlfn.TEXTJOIN(,,D13:O13),Aux!$B$3:$B$4098,'Truth Table'!$U$3:$U$4098)=1,P12>='Line Follower'!$C$6) -> FALSE | X13: =IFERROR(AND(_xlfn.XLOOKUP(_xlfn.TEXTJOIN(,,D13:O13),Aux!$B$3:$B$4098,'Truth Table'!$V$3:$V$4098)=1,ABS(P12)<='Line Follower'!$C$6),FALSE) -> FALSE | Y13: =OR(Q13:X13) -> TRUE
B14: 11 | C14: 0 | D14: 0 | E14: 0 | F14: 0 | G14: 0 | H14: 1 | I14: 1 | J14: 0 | K14: 0 | L14: 0 | M14: 0 | N14: 0 | O14: 1 | P14: =IFERROR(_xlfn.XLOOKUP(_xlfn.TEXTJOIN(,,D13:O13),Aux!$B$3:$B$4098,'Truth Table'!$N$3:$N$4098),P13) -> -1 | Q14: {=IFERROR(_xlfn.XLOOKUP(_xlfn.TEXTJOIN(,,D14:O14),Aux!$B$3:$B$4098,'Truth Table'!$O$3:$S$4098)=1,FALSE)} -> TRUE | R14: FALSE | S14: FALSE | T14: FALSE | U14: FALSE | V14: =AND(_xlfn.XLOOKUP(_xlfn.TEXTJOIN(,,D14:O14),Aux!$B$3:$B$4098,'Truth Table'!$T$3:$T$4098)=1,P13<='Line Follower'!$C$7) -> FALSE | W14: =AND(_xlfn.XLOOKUP(_xlfn.TEXTJOIN(,,D14:O14),Aux!$B$3:$B$4098,'Truth Table'!$U$3:$U$4098)=1,P13>='Line Follower'!$C$6) -> FALSE | X14: =IFERROR(AND(_xlfn.XLOOKUP(_xlfn.TEXTJOIN(,,D14:O14),Aux!$B$3:$B$4098,'Truth Table'!$V$3:$V$4098)=1,ABS(P13)<='Line Follower'!$C$6),FALSE) -> FALSE | Y14: =OR(Q14:X14) -> TRUE
B15: 12 | C15: 0 | D15: 0 | E15: 0 | F15: 0 | G15: 0 | H15: 1 | I15: 1 | J15: 0 | K15: 0 | L15: 0 | M15: 0 | N15: 0 | O15: 1 | P15: =IFERROR(_xlfn.XLOOKUP(_xlfn.TEXTJOIN(,,D14:O14),Aux!$B$3:$B$4098,'Truth Table'!$N$3:$N$4098),P14) -> -1 | Q15: {=IFERROR(_xlfn.XLOOKUP(_xlfn.TEXTJOIN(,,D15:O15),Aux!$B$3:$B$4098,'Truth Table'!$O$3:$S$4098)=1,FALSE)} -> TRUE | R15: FALSE | S15: FALSE | T15: FALSE | U15: FALSE | V15: =AND(_xlfn.XLOOKUP(_xlfn.TEXTJOIN(,,D15:O15),Aux!$B$3:$B$4098,'Truth Table'!$T$3:$T$4098)=1,P14<='Line Follower'!$C$7) -> FALSE | W15: =AND(_xlfn.XLOOKUP(_xlfn.TEXTJOIN(,,D15:O15),Aux!$B$3:$B$4098,'Truth Table'!$U$3:$U$4098)=1,P14>='Line Follower'!$C$6) -> FALSE | X15: =IFERROR(AND(_xlfn.XLOOKUP(_xlfn.TEXTJOIN(,,D15:O15),Aux!$B$3:$B$4098,'Truth Table'!$V$3:$V$4098)=1,ABS(P14)<='Line Follower'!$C$6),FALSE) -> FALSE | Y15: =OR(Q15:X15) -> TRUE
... B866: 863 | C866: 7592 | D866: 0 | E866: 1 | F866: 0 | G866: 0 | H866: 0 | I866: 0 | J866: 0 | K866: 0 | L866: 0 | M866: 0 | N866: 1 | O866: 0 | P866: =IFERROR(_xlfn.XLOOKUP(_xlfn.TEXTJOIN(,,D865:O865),Aux!$B$3:$B$4098,'Truth Table'!$N$3:$N$4098),P865) -> 7 | Q866: {=IFERROR(_xlfn.XLOOKUP(_xlfn.TEXTJOIN(,,D866:O866),Aux!$B$3:$B$4098,'Truth Table'!$O$3:$S$4098)=1,FALSE)} -> TRUE | R866: FALSE | S866: FALSE | T866: FALSE | U866: TRUE | V866: =AND(_xlfn.XLOOKUP(_xlfn.TEXTJOIN(,,D866:O866),Aux!$B$3:$B$4098,'Truth Table'!$T$3:$T$4098)=1,P865<='Line Follower'!$C$7) -> FALSE | W866: =AND(_xlfn.XLOOKUP(_xlfn.TEXTJOIN(,,D866:O866),Aux!$B$3:$B$4098,'Truth Table'!$U$3:$U$4098)=1,P865>='Line Follower'!$C$6) -> FALSE | X866: =IFERROR(AND(_xlfn.XLOOKUP(_xlfn.TEXTJOIN(,,D866:O866),Aux!$B$3:$B$4098,'Truth Table'!$V$3:$V$4098)=1,ABS(P865)<='Line Follower'!$C$6),FALSE) -> FALSE | Y866: =OR(Q866:X866) -> TRUE

Sheet Aux
B2: Text Representations | D2: Invalid Central Sensor Gaps
B3: =_xlfn.TEXTJOIN(,,'Truth Table'!B3:M3) -> 000000000000 | D3: =_xlfn.TEXTJOIN(,,E3:M3) -> 100000001 | E3: 1 | F3: 0 | G3: 0 | H3: 0 | I3: 0 | J3: 0 | K3: 0 | L3: 0 | M3: 1
B4: =_xlfn.TEXTJOIN(,,'Truth Table'!B4:M4) -> 100000000000 | D4: =_xlfn.TEXTJOIN(,,E4:M4) -> 10000001 | E4: 1 | F4: 0 | G4: 0 | H4: 0 | I4: 0 | J4: 0 | K4: 0 | L4: 1
B5: =_xlfn.TEXTJOIN(,,'Truth Table'!B5:M5) -> 010000000000 | D5: =_xlfn.TEXTJOIN(,,E5:M5) -> 1000001 | E5: 1 | F5: 0 | G5: 0 | H5: 0 | I5: 0 | J5: 0 | K5: 1
B6: =_xlfn.TEXTJOIN(,,'Truth Table'!B6:M6) -> 110000000000 | D6: =_xlfn.TEXTJOIN(,,E6:M6) -> 100001 | E6: 1 | F6: 0 | G6: 0 | H6: 0 | I6: 0 | J6: 1
B7: =_xlfn.TEXTJOIN(,,'Truth Table'!B7:M7) -> 001000000000 | D7: =_xlfn.TEXTJOIN(,,E7:M7) -> 10001 | E7: 1 | F7: 0 | G7: 0 | H7: 0 | I7: 1
B8: =_xlfn.TEXTJOIN(,,'Truth Table'!B8:M8) -> 101000000000 | D8: =_xlfn.TEXTJOIN(,,E8:M8) -> 1001 | E8: 1 | F8: 0 | G8: 0 | H8: 1
B9: =_xlfn.TEXTJOIN(,,'Truth Table'!B9:M9) -> 011000000000 | D9: =_xlfn.TEXTJOIN(,,E9:M9) -> 101 | E9: 1 | F9: 0 | G9: 1
B10: =_xlfn.TEXTJOIN(,,'Truth Table'!B10:M10) -> 111000000000
B11: =_xlfn.TEXTJOIN(,,'Truth Table'!B11:M11) -> 000100000000
B12: =_xlfn.TEXTJOIN(,,'Truth Table'!B12:M12) -> 100100000000
B13: =_xlfn.TEXTJOIN(,,'Truth Table'!B13:M13) -> 010100000000
B14: =_xlfn.TEXTJOIN(,,'Truth Table'!B14:M14) -> 110100000000
B15: =_xlfn.TEXTJOIN(,,'Truth Table'!B15:M15) -> 001100000000
B16: =_xlfn.TEXTJOIN(,,'Truth Table'!B16:M16) -> 101100000000
B17: =_xlfn.TEXTJOIN(,,'Truth Table'!B17:M17) -> 011100000000
B18: =_xlfn.TEXTJOIN(,,'Truth Table'!B18:M18) -> 111100000000
B19: =_xlfn.TEXTJOIN(,,'Truth Table'!B19:M19) -> 000010000000
B20: =_xlfn.TEXTJOIN(,,'Truth Table'!B20:M20) -> 100010000000
B21: =_xlfn.TEXTJOIN(,,'Truth Table'!B21:M21) -> 010010000000
... B4098: =_xlfn.TEXTJOIN(,,'Truth Table'!B4098:M4098) -> 111111111111
